PHOTO,REF,DATE,VENDOR,FACTURA ,IMPERI,YEAR,RULER,AREA,SUBAREA,DENOMINATION,DESCRIPTION,WEIGTH,SIZE,PRICE_PAID,ANVERS,REVERS,
,M0001,4/8/2023,TC - NUMISMATICA PRADOS,,IMPERI ROMÀ,138,FAUSTINA SENIOR,LACI,,DENARI,DENARI FAUSTINA AUGUSTA,,,62,,,
,M0002,4/8/2023,TC - NUMISMATICA PRADOS,,IMPERI ROMÀ,307,CONSTANTINO,LACI,,CONSTANTINOPOLIS,CONSTANTINOPOLIS DE CONSTANTINO,,,25,,,
,M0003,4/8/2023,TC - NUMISMATICA PRADOS,,IMPERI ROMÀ,259,POSTUMUS,LACI,,ANTONINIANO,ANTONINIANO POSTUMO,,,27,,,
,M0004,4/8/2023,TC - NUMISMATICA PRADOS,,IMPERI ROMÀ,268,CLAUDIUS II,LACI,,ANTONINIANO,ANTONINIANO CLAUDIO II,,,22,,,
,M0005,16/8/2023,TC - VENTES LLEIDA,,IMPERI ROMÀ,307,CONSTANTINO,LACI,,FOLLIS,FOLLIS CONSTANTINO I,,,10,,,
,M0006,16/8/2023,TC - VENTES LLEIDA,,IMPERI ROMÀ,307,CONSTANTINO,LACI,,FOLLIS,FOLLIS CONSTANTINO I,,,10,,,
,M0007,16/8/2023,TC - VENTES LLEIDA,,IMPERI ROMÀ,307,CONSTANTINO,LACI,,FOLLIS,FOLLIS CONSTANTINO I,,,10,,,
,M0008,16/8/2023,TC - VENTES LLEIDA,,IMPERI ROMÀ,307,CONSTANTINO,LACI,,FOLLIS,FOLLIS CONSTANTINO I,,,10,,,
,M0009,16/8/2023,TC - NUMISMATICA PRADOS,,IMPERI ROMÀ,222,SEVERUS ALEXANDER,LACI,,DENARI,DENARI ALEJANDRO SEVERO,,,45,,,
,M0010,16/8/2023,TC - NUMISMATICA PRADOS,,IMPERI ROMÀ,253,SALONINA,LACI,,ANTONINIANO,ANTONINIANO SALONINA,,,35,,,
,M0011,16/8/2023,TC - NUMISMATICA PRADOS,,IMPERI ROMÀ,238,GORDIANO III,LACI,,ANTONINIANO,ANTONINIANO GORDIANO III,,,30,,,
,M0012,11/8/2023,TC - XOCHICALCO,,IMPERI ROMÀ,244,PHILIPPUS I THE ARAB,LACI,,DENARI,DENARI FILIPO EL ARABE,,,75,,,
,M0013,4/8/2023,CATAWIKI - LUCERNAE,,IMPERI ROMÀ,251,VOLUSIAN,LACI,,ANTONINIANO,ANTONINIANO VOLUSIAN,,,73,,,
,M0014,7/8/2023,CATAWIKI - LEAL1531417,,IMPERI ROMÀ,247,PHILIPPUS II,LACI,,ANTONINIANO,ANTONINIANO PHILLIP II,,,70,,,
,M0015,24/8/2023,CATAWIKI - LEAL1531417,,IMPERI ROMÀ,238,GORDIANO III,LACI,,ANTONINIANO,ANTONINIANO GORDIANO III,,,35,,,
,M0016,24/8/2023,CATAWIKI - LEAL1531417,,IMPERI ROMÀ,238,GORDIANO III,LACI,,ANTONINIANO,ANTONINIANO GORDIANO III,,,35,,,
,M0017,18/8/2023,BIDDR - SAVOCA COINS 170 BLUE,F001,IMPERI PERSA / IMPERI MACEDONI,375-325 BC,ARTAXERXES II / ALEXANDER THE GREAT,IONIA,EPHESOS,BRONZE,Ionia. Ephesos circa 375-325 BC. Bronze ,"1,28",11,35,,,
,M0018,18/8/2023,BIDDR - SAVOCA COINS 170 BLUE,F001,IMPERI ROMÀ,244,PHILIPPUS I THE ARAB,SELEUCIS & PIERIA,ANTIOQUIA,TETRADRACMA,Seleucis and Pieria. Antioch. Philip I Arab AD 244-249. Billon-Tetradrachm,"7,91",28,37,,,
,M0019,18/8/2023,BIDDR - SAVOCA COINS 170 BLUE,F001,REPUBLICA ROMANA,-74,GEN LUCRETIUS,LACI,ROMA,DENARI,L. Lucretius Trio 74 BC. Rome Denarius ,"3,51",19,64,,,
,M0020,18/8/2023,BIDDR - SAVOCA COINS 170 BLUE,F001,IMPERI ROMÀ,81,DOMITIAN,LACI,ROMA,DENARI,Domitian AD 81-96. Rome Denarius,"3,09",20,41,,,
,M0021,18/8/2023,BIDDR - SAVOCA COINS 170 BLUE,F001,IMPERI ROMÀ,98,TRAJAN,LACI,ROMA,DENARI,Trajan AD 98-117. Rome Denarius,"3,28",20,74,,,
,M0022,18/8/2023,BIDDR - SAVOCA COINS 170 BLUE,F001,IMPERI ROMÀ,98,TRAJAN,LACI,ROMA,DENARI,Trajan AD 98-117. Rome Denarius,"3,43",19,51,,,
,M0023,18/8/2023,BIDDR - SAVOCA COINS 170 BLUE,F001,IMPERI ROMÀ,98,TRAJAN,LACI,ROMA,DENARI,Trajan AD 98-117. Rome Denarius,"3,6",20,39,,,
,M0024,18/8/2023,BIDDR - SAVOCA COINS 170 BLUE,F001,IMPERI ROMÀ,98,TRAJAN,LACI,ROMA,DENARI,Trajan AD 98-117. Rome Denarius,"3,34",18,41,,,
,M0025,18/8/2023,BIDDR - SAVOCA COINS 170 BLUE,F001,IMPERI ROMÀ,244,PHILIPPUS I THE ARAB,SELEUCIS & PIERIA,ANTIOQUIA,ANTONINIANO,Philip I Arab AD 244-249. Antioch Antoninianus,"3,5",22,43,,,
,M0026,18/8/2023,BIDDR - SAVOCA COINS 170 BLUE,F001,IMPERI ROMÀ,244,PHILIPPUS I THE ARAB,SELEUCIS & PIERIA,ANTIOQUIA,ANTONINIANO,Philip I Arab AD 244-249. Antioch Antoninianus,"4,35",24,33,,,
,M0027,28/8/2023,BIDDR - ZEUS NUMISMATICS - 28,F002,IMPERI ROMÀ,161,ANTONINUS PIUS,LACI,,DENARI,Divus Antoninus Pius. Died A.D. 161. AR denarius,"3,1",17,40,,,
,M0028,28/8/2023,BIDDR - ZEUS NUMISMATICS - 28,F002,IMPERI ROMÀ,161,MARCUS AURELIUS,LACI,,DENARI,Marcus Aurelius. A.D. 161-180. AR denarius,"3,2",17,60,,,
,M0029,28/8/2023,BIDDR - ZEUS NUMISMATICS - 28,F002,IMPERI ROMÀ,198,CARACALLA,LACI,,DENARI,Caracalla. A.D. 198-217. AR denarius,"2,9",19,45,,,
,M0030,28/8/2023,BIDDR - ZEUS NUMISMATICS - 28,F002,IMPERI ROMÀ,238,GORDIANO III,LACI,,ANTONINIANO,Gordian III. A.D. 238-244. AR antoninianus,4,"22,3",32,,,
,M0031,28/8/2023,BIDDR - BUCEPHALUS - 23,F003,REPUBLICA ROMANA,50 BC,GENS MARIUS,LACI,,DENARI,C. MARIUS C. F. CAPITO. Serrate Denarius (81 BC),"3,24","18,6",26,,,
,M0032,28/8/2023,BIDDR - BUCEPHALUS - 23,F003,IMPERI ROMÀ,98,TRAJAN,LACI,,DENARI,TRAJAN (98-117). Denarius,"2,8",19,66,,,
,M0033,28/8/2023,BIDDR - BUCEPHALUS - 23,F003,IMPERI ROMÀ,98,TRAJAN,LACI,,DENARI,TRAJAN (98-117). Denarius,"3,05",19,38,,,
,M0034,28/8/2023,BIDDR - BUCEPHALUS - 23,F003,IMPERI ROMÀ,197,CARACALLA,LACI,,DENARI,CARACALLA (197-217). Denarius.,"2,46","19,8",34,,,
,M0035,28/8/2023,BIDDR - BUCEPHALUS - 23,F003,IMPERI ROMÀ,238,GORDIANO III,LACI,,ANTONINIANO,GORDIAN III (238-244). Antoninianus.,"4,21","23,5",20,,,
,M0036,28/8/2023,BIDDR - BUCEPHALUS - 23,F003,IMPERI ROMÀ,238,GORDIANO III,LACI,,ANTONINIANO,GORDIAN III (238-244). Antoninianus.,"3,23","22,4",20,,,
,M0037,28/8/2023,BIDDR - BUCEPHALUS - 23,F003,IMPERI ROMÀ,244,PHILIPPUS I THE ARAB,,,ANTONINIANO,PHILIP I 'THE ARAB' (244-249). Antoninianus.,"3,8",22,34,,,
,M0038,28/8/2023,BIDDR - BUCEPHALUS - 23,F003,IMPERI ROMÀ,244,PHILIPPUS I THE ARAB,,,ANTONINIANO,PHILIP I 'THE ARAB' (244-249). Antoninianus.,"3,55",23,34,,,
,M0039,28/8/2023,BIDDR - BUCEPHALUS - 23,F003,IMPERI ROMÀ,249,TRAJAN DECIUS,LACI,,ANTONINIANO,TRAJANUS DECIUS (249-251). Antoninianus.,"2,68","22,8",46,,,
,M0040,28/8/2023,BIDDR - BUCEPHALUS - 23,F003,GREGA,282-263 BC,PHILETAIROS,MYSIA,PERGAMON,AE,"MYSIA. Pergamon. Ae (2nd-1st centuries BC). Philetairos, 7233 SNG BN 1682-7","2,07","13,5",18,Obv: Helmeted head of Athena right,"ΦΙΛΕ-ΤΑΙΡΟΥ, bow.",
,M0041,28/8/2023,BIDDR - BUCEPHALUS - 23,F003,KINGS OF PONTUS,105-85 BC,MITHRADATES VI EUPATOR,PONTOS,AMISOS,AE,PONTOS. Amisos. Time of Mithradates VI Eupator (Circa 105-90 or 90-85 BC). Ae,"8,33","21,5",14,Head of Dionysos,AMIΣOY,
,M0042,28/8/2023,BIDDR - BUCEPHALUS - 23,F003,GREGA,2nd-1st century BC,,CILICIA,SELEUKEIA,AE,CILICIA. Seleukeia. Ae (2nd-1st centuries BC).,"3,61","18,4",24,Apollo,Forepart of a horse right,
,M0043,30/8/2023,BIDDR - REX NUMISMATICS BUDGET 1,F004,KINGS OF PONTUS,2nd-1st century BC,MITHRADATES VI EUPATOR,PONTOS,AMISOS,AE,AMISOS. Pontos. 2nd-1st Century B.C. (Time of Mithradates VI). AE,"7,9","21,66",28,Head of Dionysos r.,"Cista mystica, thrysos diagonally behind.",
,M0044,30/8/2023,BIDDR - REX NUMISMATICS BUDGET 1,F004,KINGS OF PONTUS,85-65 BC,MITHRADATES VI EUPATOR,PONTOS,AMISOS,AE,"PONTOS. Amisos. Time of Mithradates VI Eupator, circa 85-65 BC. AE","7,6","19,6",26,Laureate head of Zeus to right.,"AMIΣOY Eagle standing left, head right, on thunderbolt; to left, monogram.",
,M0045,30/8/2023,BIDDR - REX NUMISMATICS BUDGET 1,F004,KINGS OF PONTUS,111-90 BC,MITHRADATES VI EUPATOR,PONTOS,AMISOS,AE,"PONTOS. Amisos. Time of Mithradates VI Eupator, circa 85-65 BC. AE","8,5","20,3",18,Helmeted head of Ares right,"AMI - ΣOV. Sword in sheath; star-in-crescent to upper left, monogram to upper right and lower left. SNG BM Black Sea 1164; HGC 7, 241.",
,M0046,30/8/2023,BIDDR - REX NUMISMATICS BUDGET 1,F004,KINGS OF PONTUS,120-63 BC,MITHRADATES VI EUPATOR,PONTOS,AMISOS,AE,PONTOS. Amisos. Time of Mithradates VI Eupator 120-63 BC. AE,"6,8","20,58",24,Aegis with Gorgoneion in centre,"Nike advancing right, holding palm; AMI-ΣOY across fields.",
,M0047,30/8/2023,BIDDR - REX NUMISMATICS BUDGET 1,F004,KINGS OF MACEDON,336-323 BC,ALEXANDER III THE GREAT,MACEDONIA,,DRACMA,KINGS OF MACEDON. Alexander III 'the Great' (336-323 BC). Drachm,4,18,44,"Head of Herakles right, wearing lion skin","AΛΕΞΑΝΔΡΟΥ. Zeus seated left on throne, holding eagle and sceptre.",
,M0048,30/8/2023,BIDDR - REX NUMISMATICS BUDGET 1,F004,GREGA,350-300 BC,,PISIDIA,SELGE,OBOL,PISIDIA. Selge. Obol (Circa 350-300 BC),"0,9","9,25",32,Facing gorgoneion.,Helmeted head of Athena.and astragalos.,
,M0049,30/8/2023,BIDDR - REX NUMISMATICS BUDGET 1,F004,GREGA,350-300 BC,,PISIDIA,SELGE,OBOL,PISIDIA. Selge. Obol (Circa 350-300 BC),1,"8,8",14,Facing gorgoneion.,Helmeted head of Athena.and astragalos.,
,M0050,30/8/2023,BIDDR - REX NUMISMATICS BUDGET 1,F004,IMPERI ROMÀ,140,FAUSTINA SENIOR,LACI,ROME,DENARI,DIVA FAUSTINA I (Died 140/1). Denarius,"2,9","18,25",36,Draped bust right.,"AVGVSTA. Ceres standing left, holding torch and lifting skirt.",
,M0051,30/8/2023,BIDDR - REX NUMISMATICS BUDGET 1,F004,IMPERI ROMÀ,198,GETA,LACI,ROME,DENARI,CARACALLA (198-217). Denarius. REALLY GETA,"2,7","18,22",36,P SEPT GETA PIUS AVG BRIT,,
,M0052,30/8/2023,BIDDR - REX NUMISMATICS BUDGET 1,F004,IMPERI ROMÀ,198,CARACALLA,LACI,ROME,DENARI,CARACALLA (198-217). Denarius,"3,5","17,37",30,ANTONINVS PIVS AVG BRIT.,,
,M0053,30/8/2023,BIDDR - REX NUMISMATICS BUDGET 1,F004,IMPERI ROMÀ,198,GETA,LACI,ROME,DENARI,"GETA (Caesar, 198-209). Denarius","3,2","18,37",40,P SEPT GETA CAES PONT.,"NOBILITAS. Nobilitas standing right, holding sceptre and palladium.",
,M0054,30/8/2023,BIDDR - REX NUMISMATICS BUDGET 1,F004,IMPERI ROMÀ,238,GORDIANO III,LACI,,ANTONINIANO,GORDIAN III (238-244). Antoninianus,"3,8","21,35",18,IMP CAES M ANT GORDIANVS AVG.,,
,M0055,30/8/2023,BIDDR - REX NUMISMATICS BUDGET 1,F004,IMPERI ROMÀ,238,GORDIANO III,LACI,,ANTONINIANO,GORDIAN III (238-244). Antoninianus,"3,9","21,45",22,IMP GORDIANVS PIVS FEL AVG,,
,M0056,30/8/2023,BIDDR - REX NUMISMATICS BUDGET 1,F004,IMPERI ROMÀ,238,GORDIANO III,LACI,,ANTONINIANO,GORDIAN III (238-244). Antoninianus,"3,9","21,46",22,IMP GORDIANVS PIVS FEL AVG,,
,M0057,30/8/2023,BIDDR - REX NUMISMATICS BUDGET 1,F004,IMPERI ROMÀ,238,GORDIANO III,LACI,,ANTONINIANO,GORDIAN III (238-244). Antoninianus,"4,3","21,03",24,IMP CAES M ANT GORDIANVS AVG.,VIRTVS AVG,
,M0058,30/8/2023,BIDDR - REX NUMISMATICS BUDGET 1,F004,IMPERI ROMÀ,238,GORDIANO III,LACI,,ANTONINIANO,GORDIAN III (238-244). Antoninianus,"4,2","21,42",24,IMP GORDIANVS PIVS FEL AVG,FORTVNA REDVX,
,M0059,30/8/2023,BIDDR - REX NUMISMATICS BUDGET 1,F004,IMPERI ROMÀ,244,PHILIPPUS I THE ARAB,LACI,,ANTONINIANO,PHILIP I 'THE ARAB' (244-249). Antoninianus,"3,3","22,12",29,IMP M IVL PHILIPPVS AVG.,ANNONA AVGG.,
,M0060,30/8/2023,BIDDR - REX NUMISMATICS BUDGET 1,F004,IMPERI ROMÀ,244,PHILIPPUS I THE ARAB,LACI,,ANTONINIANO,PHILIP I 'THE ARAB' (244-249). Antoninianus. Saecvlares Games,4,"21,12",44,IMP PHILIPPVS AVG.,SAECVLARES AVGG.,"2473, RIC 24c"
,M0061,30/8/2023,BIDDR - REX NUMISMATICS BUDGET 1,F004,IMPERI ROMÀ,244,PHILIPPUS I THE ARAB,LACI,,ANTONINIANO,PHILIP I 'THE ARAB' (244-249). Antoninianus,"3,1","21,55",18,IMP PHILIPPVS AVG.,PMTR PM II COS II PP,
,M0062,30/8/2023,BIDDR - REX NUMISMATICS BUDGET 1,F004,IMPERI ROMÀ,247,PHILIPPUS II,LACI,,ANTONINIANO,PHILIP II (247-249). Antoninianus,3,"21,85",24,M IVL PHILIPPVS CAES,,"2554, RIC 219"
,M0063,30/8/2023,BIDDR - REX NUMISMATICS BUDGET 1,F004,IMPERI ROMÀ,249,TRAJAN DECIUS,LACI,,ANTONINIANO,TRAJANUS DECIUS (249-251). Antoninianus,4,"22,02",28,IMP C M Q TRAIANVS DECIVS AVG,,
,M0064,30/8/2023,BIDDR - REX NUMISMATICS BUDGET 1,F004,IMPERI ROMÀ,251,VOLUSIAN,LACI,,ANTONINIANO,VOLUSIAN (251-253 ). Antoninianus,"3,1","21,67",26,IMP. C C VIB VOLVSIANVS AVG,PAX AETERNA,
,M0065,30/8/2023,BIDDR - REX NUMISMATICS BUDGET 1,F004,IMPERI ROMÀ,253,GALLIENUS,LACI,,ANTONINIANO,GALLIENUS (253-268). Antoninianus,"3,1","19,9",22,GALLIENVS AVG.,,
,M0066,30/8/2023,BIDDR - REX NUMISMATICS BUDGET 1,F004,IMPERI ROMÀ,268,CLAUDIUS II,LACI,,ANTONINIANO,CLAUDIUS II GOTHICUS (268-270). Antoninianus,"2,6","18,22",16,IMP C CLAVDIVS AVG,PMTR P II COS PP,
,M0067,30/8/2023,BIDDR - REX NUMISMATICS BUDGET 1,F004,IMPERI ROMÀ,270,AURELIAN,LACI,,ANTONINIANO,AURELIAN (270-275). Antoninianus,"3,4","20,91",22,IMP C AVRELIANVS AVG,RESTITVTOR ORBIS,
,M0068,30/8/2023,BIDDR - REX NUMISMATICS BUDGET 1,F004,IMPERI ROMÀ,316,CRISPUS,EGIPTE,ALEXANDRIA,FOLLIS,"CRISPUS (Caesar, 316-326). Follis. Alexandria",2,"18,7",14,FL IVL CRISPVS NOB CAES,PROVIDENTIAE CAESS,
,M0069,30/8/2023,BIDDR - REX NUMISMATICS BUDGET 1,F004,IMPERI ROMÀ,307,CONSTANTINO,LACI,,FOLLIS,CONSTANTINE I 'THE GREAT' (307/10-337). Commemorative Series. Follis,2,"17,6",18,VRBS ROMA,,
,M0070,04/09/2023,CATAWIKI -  GIUBELL,F005,IMPERI ROMÀ,238,GORDIANO III,LACI,,ANTONINIANO,ANTONINIANO GORDIANO III,,,"79,5",,,
,M0071,04/09/2023,BIDDR - OLYMPUS NUMISMATIC 6,F006,IMPERI ROMÀ,-27,AUGUSTUS,,LYON,DENARI,Augustus (27 BC-14 AD). Lugdunum (Lyon) mint AR Denarius,"3,65","18,9",106,CAESAR AVGVSTVS DIVI F PATER PATRIAE,C L CAESARES AVGVSTI F COS DESIG PRINC IVVENT,
,M0072,04/09/2023,BIDDR - OLYMPUS NUMISMATIC 6,F006,IMPERI ROMÀ,81,DOMITIAN,LACI,ROME,ROME,Domitian (81-96 AD). Rome AR Denarius,"3,25","23,6",43,IMP CAES DOMIT AVG GERM P M TR P XIII.,IMP XXII COS XVI CENS P P P,
,M0073,04/09/2023,BIDDR - OLYMPUS NUMISMATIC 6,F006,IMPERI ROMÀ,117,HADRIAN,LACI,ROME,ROME,Hadrian (117-138 AD). Rome AR Denarius,,"23,5",43,HADRIANVS AVG COS III P P,SALVS AVG,
,M0074,04/09/2023,BIDDR - OLYMPUS NUMISMATIC 6,F006,IMPERI ROMÀ,138,ANTONINUS PIUS,LACI,ROME,ROME,"Antoninus Pius with Marcus Aurelius, Caesar (138-161 AD). Rome. AR Denarius","3,6","26,5",49,ANTONINVS AVG PIVS P P TR P COS III,AVRELIVS CAESAR AVG PII F COS,
,M0075,04/09/2023,BIDDR - OLYMPUS NUMISMATIC 6,F006,IMPERI ROMÀ,244,PHILIPPUS II,SELEUCIS & PIERIA,ANTIOQUIA,ANTONINIANO,Philip I (244-249 AD). Rome AR Antoninianus. really Philip II antiochia rare,"4,44","27,9",43,IMP M IVL PHILIPPVS AVG,AEQVITAS AVGG,
,M0076,04/09/2023,BIDDR - OLYMPUS NUMISMATIC 6,F006,IMPERI ROMÀ,244,OTACILIA,LACI,ROME,ANTONINIANO,Otacilia Severa (244-249 AD). Rome AR Antoninianus,"4,38","22,8",37,OTACIL SEVERA AVG,CONCORDIA AVGG,
,M0077,04/09/2023,BIDDR - OLYMPUS NUMISMATIC 6,F006,IMPERI ROMÀ,253,VALERIANUS I,LACI,ROME,ANTONINIANO,Valerian I (253-260 AD). Rome AR Antoninianus,"2,62","20,7",35,IMP C P LIC VALERIANVS AVG,FIDES MILITVM,
,M0078,04/09/2023,BIDDR - OLYMPUS NUMISMATIC 6,F006,IMPERI ROMÀ,284,DIOCLECTIAN,LACI,,AE,Diocletian (284-305 AD). Heraclea. AE Radiate,"3,37","21,5",23,IMP C C VAL DIOCLETIANVS P F AVG,CONCORDIA MILITVM / HB,
,M0079,04/09/2023,BIDDR - OLYMPUS NUMISMATIC 6,F006,GREGA,350-300 BC,,BITHYNIA,KIOS,AR TRIEMIOBOL,BITHYNIA. Kios. (Circa 350-300 BC). AR Trihemiobol,"1,04","10,3",26,KIA Laureate head of Apollo to right,Prow of galley left,
,M0080,06/09/2023,BIDDR - SAVOCA COINS BLUE 172,F007,IMPERI ROMÀ,251,TREBONIANUS GALLUS,SELEUCIS & PIERIA,ANTIOQUIA,ANTONINIANO,Trebonianus Gallus. Antoniniano,"4,35",21,28,,,
,M0081,06/09/2023,BIDDR - SAVOCA COINS BLUE 172,F007,IMPERI ROMÀ,253,GALLIENUS,SELEUCIS & PIERIA,ANTIOQUIA,ANTONINIANO,Gallienus. Antoniniano ,"3,52",23,54,GALLIENVS AVG,AETERNITAS AVG,
,M0082,06/09/2023,BIDDR - SAVOCA COINS BLUE 172,F007,IMPERI ROMÀ,253,GALLIENUS,SELEUCIS & PIERIA,ANTIOQUIA,ANTONINIANO,Gallienus. Antoniniano ,"3,2",24,19,GALLIENVS AVG,ROMA AETERNAE,
,M0083,06/09/2023,BIDDR - SAVOCA COINS BLUE 172,F007,IMPERI ROMÀ,253,GALLIENUS,SELEUCIS & PIERIA,ANTIOQUIA,ANTONINIANO,Gallienus. Antoniniano ,"3,73",22,27,IMP GALLIENVS AVG,VICTORIA GERMAN,
,M0084,06/09/2023,BIDDR - SAVOCA COINS BLUE 172,F007,IMPERI ROMÀ,253,VALERIANUS I,LACI,ROME,ANTONINIANO,Valerian I (253-260 AD). Rome AR Antoninianus,"2,95",22,40,IMP C LIC VALERIANUS AVG,FIDES MILITVM,
,M0085,06/09/2023,BIDDR - RÖNESANS BLUE 1,F008,IMPERI ROMÀ,88-40 BC,,PHRYGIA,APAMEIA,AE,"Phrygia, Apameia Æ Circa 88-40 BC.","8,6","22,5",26,,,
,M0086,06/09/2023,BIDDR - RÖNESANS BLUE 1,F008,GREGA,1st century BC,,CILICIA,ELAIOUSSA SEBASTE,AE,"CILICIA, Elaioussa Sebaste (Circa 1st century BC) AE Bronze 5680",7,"21,4",17,,,
,M0087,06/09/2023,BIDDR - RÖNESANS BLUE 1,F008,GREGA,150-50 BC,,CILICIA,ELAIOUSSA SEBASTE,AE,"CILICIA, Elaiousa-Sebaste (Circa 150-50 BC) AE Bronze",6,"19,1",17,,,
,M0088,06/09/2023,BIDDR - RÖNESANS BLUE 1,F008,GREGA,133-27 BC,,MYSIA,PERGAMON,AE,"Mysia, Pergamon. AE, Circa 133-27 BC.","6,2","19,1",17,,,
,M0089,06/09/2023,BIDDR - RÖNESANS BLUE 1,F008,GREGA,200-133 BC,,MYSIA,PERGAMON,AE,MYSIA. Pergamon. (Circa 200-133 BC). AE Bronze,"2,7","14,5",21,,,
,M0090,06/09/2023,BIDDR - RÖNESANS BLUE 1,F008,KINGS OF PONTUS,111-90 BC,MITHRADATES VI EUPATOR,PONTOS,AMISOS,AE,PONTOS. Amisos. Ae (Circa 111-105 or 95-90 BC),"7,1","20,2",21,,,
,M0091,06/09/2023,BIDDR - RÖNESANS BLUE 1,F008,KINGS OF PONTUS,85-65 BC,MITHRADATES VI EUPATOR,PONTOS,AMISOS,AE,PONTOS. Amisos. Ae (Circa 85-65 BC).,"7,9","20,2",22,,,
,M0092,06/09/2023,BIDDR - RÖNESANS BLUE 1,F008,GREGA,71-36 BC,,PISIDIA,TERMESSOS,AE,PISIDIA. Termessos. Ae (Circa 71-36 BC),"3,8","17,7",20,,,
,M0093,06/09/2023,BIDDR - RÖNESANS BLUE 1,F008,GREGA,1st century BC,,PISIDIA,TERMESSOS,AE,"PISIDIA, Termessos (Circa 1st century BC),AE Bronze","4,5","19,8",23,,,
,M0094,12/09/2023,SILICUA,F009,IMPERI ROMÀ,80,VESPASIAN - TITUS,LACI,ROME,DENARI,Divus Vespasian 80 AD,,,102,,,
,M0095,13/09/2023,BIDDR - DEMOS 23,F010,KINGS OF MACEDONIA,323-317 BC,PHILIP III ARRHIDAIOS,MACEDONIA,,AE,Weight 4.07 gr - Diameter 15 mm Greek Bronze Coin,"4,07",15,19,MACEDONIAN SHIELD,MACEDONIAN HELMET,
,M0096,13/09/2023,BIDDR - DEMOS 23,F010,KINGS OF MACEDONIA,325-310 BC,ALEXANDER III THE GREAT,MACEDONIA,,AE,Weight 5.59 gr - Diameter 17 mm Greek Bronze Coin 6742,"5,59",17,13,ΒΑΣΙΛΕΩΣ ΑΛΕΞΑΝΔΡΟΥ,QUIVER ON BOW AND CLUB,
,M0097,13/09/2023,BIDDR - DEMOS 23,F010,KINGS OF MACEDONIA,336-323 BC,ALEXANDER III THE GREAT,MACEDONIA,,AE,Weight 4.06 gr - Diameter 15 mm Greek Bronze Coin,"4,06",15,17,GORGOIN,MACEDONIAN HELMET,
,M0098,13/09/2023,BIDDR - DEMOS 23,F010,GREGA,300-250 BC,,THRACE,APOLLONIA PONTHICA,AE DICHALCO,Weight 2.01 gr - Diameter 13 mm Greek Bronze Coin,"2,01",13,12,APOLLO,ANCHOR AND SHRIMP,
,M0099,13/09/2023,BIDDR - DEMOS 23,F010,GREGA,160-27 BC,,CILICIA,,AE,Weight 7.58 gr - Diameter 21 mm Greek Bronze Coin,"7,58",21,11,TURRETED TYCHE,ZEUS SEATED,
,M0100,13/09/2023,BIDDR - DEMOS 23,F010,GREGA,1st-2nd BC,,CILICIA,SELEUKIA AD CALYCADNUM,AE,Weight 5.24 gr - Diameter 19 mm Greek Bronze Coin,"5,24",19,15,ATHENA W/HELMET,NIKE WALKING LEFT,
,M0101,13/09/2023,BIDDR - DEMOS 23,F010,KINGS OF CAPPADOCIA,,ARIOBARZANES I,CAPPADOCIA,CAESAREA,DRACMA,Weight 4.20 gr - Diameter 17 mm Greek Silver Coin,"4,2",17,27,ARIOBARZANES I,ATHENA,
,M0102,13/09/2023,BIDDR - DEMOS 23,F010,KINGS OF CAPPADOCIA,220-163 BC,ARIARATHES IV,CAPPADOCIA,CAESAREA,DRACMA,Weight 4.08 gr - Diameter 17 mm Greek Silver Coin,"4,08",17,27,ARIARATHES IV,ATHENA,
,M0103,13/09/2023,BIDDR - DEMOS 23,F010,KINGS OF CAPPADOCIA,,ARIOBARZANES I,CAPPADOCIA,CAESAREA,DRACMA,Weight 3.23 gr - Diameter 18 mm Greek Silver Coin,"3,23",18,21,ARIOBARZANES I,ATHENA,
,M0104,13/09/2023,BIDDR - DEMOS 23,F010,IMPERI ROMÀ,193,JULIA DOMNA,LACI,ROMA,DENARI,Weight 3.33 gr - Diameter 17 mm Roman Imperial Silver Coin Julia Domna,"3,33",17,21,JULIA AVGVSTA,FORTVNAE FELICI,
,M0105,13/09/2023,BIDDR - DEMOS 23,F010,IMPERI ROMÀ,238,GORDIANO III,CAPPADOCIA,CAESAREA,DIDRACMA,Weight 5.27 gr - Diameter 18 mm Roman Provincial Silver Coin Didrachm Gordiano III,"5,27",18,29,,MOUNT ARGAEUS,
,M0106,19/09/2023,BIDDR - NIMROD 3,F011,GREGA,200-133 BC,,MYSIA,PERGAMON,AE,"MYSIA. Pergamon. Ae (Circa 200-133 BC). AE 2,72g","2,72",,16,APOLLO,OWL,
,M0107,19/09/2023,BIDDR - NIMROD 3,F011,GREGA,200-133 BC,,MYSIA,PERGAMON,AE,"MYSIA. Pergamon. Ae (Circa 200-133 BC). AE 2,25g","2,25",,17,APOLLO,OWL,
,M0108,19/09/2023,BIDDR - NIMROD 3,F011,GREGA,133-27 BC,,MYSIA,PERGAMON,AE,"Mysia, Pergamon. 133-27 BC. AE 2,68g","2,68",,21,APOLLO,OWL,
,M0109,19/09/2023,BIDDR - NIMROD 3,F011,GREGA,200-133 BC,,MYSIA,PERGAMON,AE,"MYSIA, Pergamon. Circa 200-133 BC. Æ 3,55g","3,55",,14,ZEUS,,
,M0110,19/09/2023,BIDDR - NIMROD 4,F012,IMPERI ROMÀ,235,MAXIMINUS I THRAX,LACI,ROME,DENARI,Maximinus Thrax AD 235-238. Rome Denar,"2,89",,37,IMP MAXIMINVS PIVS AVG,PROVIDENTIA AVG,
,M0111,18/09/2023,BIDDR - SAVOCA BLUE 173,F013,IMPERI ROMÀ,193,SEPTIMUS SEVERUS,LACI,,LIME DENARI,Septimius Severus AD 193-211. Rome Limes Denarius Æ17,"2,07",17,60,,,
,M0112,18/09/2023,BIDDR - SAVOCA BLUE 173,F013,IMPERI ROMÀ,222,SEVERUS ALEXANDER,LACI,ROME,DENARI,Severus Alexander AD 222-235. Rome Denarius AR,"3,73",20,107,IMP ALEXANDER PIVS AVG,PMTRP III COS III PP,
,M0113,18/09/2023,BIDDR - SAVOCA BLUE 173,F013,IMPERI ROMÀ,249,TRAJAN DECIUS,LACI,ROME,ANTONINIANO,Trajan Decius AD 249-251. Rome Antoninianus AR,"4,34",21,48,IMP C M Q TRAIANVS DECIVS AVG,PANNONIAE,
,M0114,18/09/2023,BIDDR - SAVOCA BLUE 173,F013,KINGS OF MACEDONIA,359-336 BC. ,PHILIP II,MACEDONIA,,AE,Kings of Macedon. Uncertain mint. Philip II of Macedon 359-336 BC. ,"6,1",17,58,,ΦΙΛΙΠΠΟY,
,M0115,18/09/2023,BIDDR - SAVOCA BLUE 173,F013,KINGS OF MACEDONIA,359-336 BC. ,PHILIP II,MACEDONIA,,AE,Kings of Macedon. Uncertain mint. Philip II of Macedon 359-336 BC. ,"7,39",18,32,,ΦΙΛΙΠΠΟY,
,M0116,20/09/2023,BIDDR - NUMITRA 7,F014,IMPERI ROMÀ,196,SEPTIMUS SEVERUS,LACI,ROME,DENARI,Septimius Severus. (196-197 AD). Denar.,"2,74",17,28,L SEPT SEV PERT AVG IMP VIII,VOTA PVBLICA,
,M0117,20/09/2023,BIDDR - NUMITRA 7,F014,IMPERI ROMÀ,220,ELAGABALUS,LACI,ROME,DENARI,Elagabal. (220-221 AD). Denar.,"2,59",17,37,IMP ANTONINVS PIVS AVG,LIBERTAS AVG,
,M0118,20/09/2023,BIDDR - NUMITRA 7,F014,IMPERI ROMÀ,220,ELAGABALUS,LACI,ROME,DENARI,Elagabal. (220-221 AD). Denar.,"2,94",18,34,IMP ANTONINVS PIVS AVG,ABVNDANTIA AVG,
,M0119,20/09/2023,BIDDR - NUMITRA 7,F014,IMPERI ROMÀ,141,FAUSTINA SENIOR,LACI,ROME,DENARI,Faustina I. maior. (141 AD). Denar.,"3,13",17,61,DIVA FAVSTINA,CONSECRATIO,
,M0120,21/09/2023,BIDDR - SAVOCA SILVER 174,F015,REPUBLICA ROMANA,-80,GENS PROCILIUS,LACI,ROME,DENARI,L. Procilius 80 BC. Rome Denarius AR,"3,71",18,85,"Laureate head of Jupiter right , S C behind ","L PROCILI F, Juno Sospita advancing right, hurling spear and holding shield, serpent to right",
,M0121,21/09/2023,BIDDR - SAVOCA SILVER 174,F015,REPUBLICA ROMANA,-43,GENS FLAMINIUS CHILO,LACI,ROME,DENARI,L. Flaminius Chilo 43 BC. Rome Denarius,"3,33",18,95,"IIII VIR / PRI FL, diademed head of Venus right","FLAMIN / CHILO, Victory in biga right, holding wreath and reins.",
,M0122,21/09/2023,BIDDR - SAVOCA BLUE 175,F016,IMPERI ROMÀ,76,TITUS,LACI,ROME,DENARI,"Titus, as Caesar AD 76-78. Rome Denarius AR","3,09",21,55,VESPASIANVS T CAESAR,,
,M0123,21/09/2023,BIDDR - SAVOCA BLUE 175,F016,IMPERI ROMÀ,76,TITUS,LACI,ROME,DUPONDI,"Titus, as Caesar AD 76-78. Rome Dupondius","10,66",27,46,CAESAR IMP COS III CENS,FELICITAS PVBLICA,
,M0124,21/09/2023,BIDDR - BUCEPHALUS 24,F017,IMPERI ROMÀ,196,SEPTIMUS SEVERUS,LACI,,DENARI,Severus Pius Denarius AR,"2,9","18,3",15,,,
,M0125,21/09/2023,BIDDR - BUCEPHALUS 24,F017,IMPERI ROMÀ,286,MAXIMIANUS,LACI,,FOLLIS,Maximianus II follis,"6,06","25,7",15,,,
,M0126,21/09/2023,BIDDR - BUCEPHALUS 24,F017,IMPERI ROMÀ,337,CONSTANCIO II,LACI,,AE,Constantius II.  D N CONSTANTIVS P F AVG 3910,"3,83","21,2",27,,,
,M0127,21/09/2023,BIDDR - BUCEPHALUS 24,F017,IMPERI ROMÀ,117,HADRIAN,LACI,,AS,Hadrian As,"7,62","23,8",31,,,
,M0128,26/09/2023,BIDDR - BUCEPHALUS BLACK 25,F018,KINGS OF MACEDON,336-323 BC,ALEXANDER III THE GREAT,MACEDONIA,,DRACMA,KINGS OF MACEDON. Alexander III 'the Great' (336-323 BC). Drachm,"4,27","17,4",126,,,
,M0129,26/09/2023,BIDDR - BUCEPHALUS BLACK 25,F018,KINGS OF MACEDON,336-323 BC,ALEXANDER III THE GREAT,MACEDONIA,,DRACMA,KINGS OF MACEDON. Alexander III 'the Great' (336-323 BC). Drachm,"4,28","17,5",176,,,
,M0130,26/09/2023,BIDDR - BUCEPHALUS BLACK 25,F018,KINGS OF MACEDON,336-323 BC,ALEXANDER III THE GREAT,MACEDONIA,MAGNESIA PROS MAIANDROS,DRACMA,KINGS OF MACEDON. Alexander III 'the Great' (336-323 BC). Drachm,"4,24","18,7",136,,,
,M0131,26/09/2023,BIDDR - BUCEPHALUS BLACK 25,F018,KINGS OF PONTUS,120-100 ΒC,MITHRADATES VI EUPATOR,PAPHLAGONIA,SINOPE,AE,PAPHLAGONIA. Sinope. Ae. Struck under Mithradates VI 3713,"4,32","17,8",26,MITHRADATES IV,ΣΙΝΩΠΗΕ,
,M0132,26/09/2023,BIDDR - BUCEPHALUS BLACK 25,F018,GREGA,330-250 BC,MITHRADATES I,PAPHLAGONIA,SINOPE,HEMIDRACMA,PAPHLAGONIA. Sinope. Hemidrachm 3704,"2,99","14,11",34,,,
,M0133,26/09/2023,BIDDR - BUCEPHALUS BLACK 25,F018,GREGA,450-400 BC,,MYSIA,KYZIKOS,OBOL,MYSIA. Kyzikos. Obol,"1,22","11,4",20,,,
,M0134,26/09/2023,BIDDR - BUCEPHALUS BLACK 25,F018,KINGS OF PARTHIA,87-80 BC,MITHRADATES III,PARTHIA,,DRACMA,KINGS OF PARTHIA. Mithradates III (87-80 BC). Drachm 7389,"3,87","20,5",54,,BASILEWS MEGALOU ARS-AKOU AUTOKRATOR[OS] FILOPATOROS EPIFANOUS FILELLHNOS,
,M0135,26/09/2023,BIDDR - BUCEPHALUS BLACK 25,F018,IMPERI ROMÀ,208,ANTONINUS PIUS,CILICIA,MOPSUS,AE,CILICIA. Mopsus. Antoninus Pius (138-161). Ae.,"8,11","24,7",30,,,
,M0136,26/09/2023,BIDDR - BUCEPHALUS BLACK 25,F018,IMPERI ROMÀ,69,VESPASIAN,CAPPADOCIA,CAESAREA,HEMIDRACMA,CAPPADOCIA. Caesarea. Vespasian (69-79). Hemidrachm.,"1,46","14,1",46,,,
,M0137,26/09/2023,BIDDR - BUCEPHALUS BLACK 25,F018,IMPERI ROMÀ,69,VESPASIAN,CAPPADOCIA,CAESAREA,HEMIDRACMA,CAPPADOCIA. Caesarea. Vespasian (69-79). Hemidrachm.,"1,82","14,6",20,,,
,M0138,26/09/2023,BIDDR - BUCEPHALUS BLACK 25,F018,IMPERI ROMÀ,98,TRAJAN,CAPPADOCIA,CAESAREA,DIDRACMA,CAPPADOCIA. Caesarea. Trajan (98-117). Didrachm.,"6,88",20,50,,,
,M0139,26/09/2023,BIDDR - BUCEPHALUS BLACK 25,F018,IMPERI ROMÀ,117,HADRIAN,CAPPADOCIA,CAESAREA,DRACMA,CAPPADOCIA. Caesarea. Hadrian (117-138). Didrachm,"5,77","20,7",50,,,
,M0140,26/09/2023,BIDDR - BUCEPHALUS BLACK 25,F018,IMPERI ROMÀ,69,TITUS,CAPPADOCIA,CAESAREA,AE,"CAPPADOCIA. Caesarea. Titus (Caesar, 69-79)","8,16","22,3",30,AYTOKPA•TITOC•KAIC•CЄBATOC,"ЄΠI / ΠANCA / ΠPЄCBЄY / TOY / ЄT (""Under Pansa, the envoy, in the year [X]."")",
,M0141,26/09/2023,BIDDR - BUCEPHALUS BLACK 25,F018,IMPERI ROMÀ,69,VESPASIAN,LACI,ROME,DENARI,VESPASIAN (69-79). Denarius. Rome,"3,2","20,5",81,VESPASIANVS AVG IMP CAESAR,COS III,
,M0142,27/09/2023,BIDDR - NUMISMAD 9,F019,IMPERI ROMÀ,69,VESPASIAN,CAPPADOCIA,CAESAREA,HEMIDRACMA,"Cappadocia, Caesarea Vespasian (69-79) AR Hemidrachm","1,81",14,45,AYTOKP KAICAP OYECΠACIANOC CEBA,,
,M0143,27/09/2023,BIDDR - NUMISMAD 9,F019,IMPERI ROMÀ,193,SEPTIMUS SEVERUS,CAPPADOCIA,CAESAREA,AE,"Cappadocia, Caesarea AE (Bronze, 8.47g, 23mm) Septimius Severus (193-211)","8,47",23,52,AV KAI Λ CЄΠ CЄOVHPOC,MHTPOΠO KAICAPIAC / ЄT R (=B?),
,M0144,27/09/2023,BIDDR - NUMISMAD 9,F019,IMPERI ROMÀ,197,SEPTIMUS SEVERUS,CAPPADOCIA,CAESAREA,DRACMA,"Cappadocia, Caesarea AR Drachm (Silver, 20mm, 2.93g) Septimius Severus (193-211).","2,93",20,52,AV K Λ CЄΠ CЄOVHPOC,MHTPOΠO KAICAPIA/ ET E,
,M0145,27/09/2023,BIDDR - NUMISMAD 9,F019,IMPERI ROMÀ,-31,VARIOUS,COELE-SYRIA,SAMOSATA,AE,"Syria, Coele-Syria, Samosata AE (Bronze, 7.29g, 19mm) civic issue 31 BC-38 AD","7,29",19,30,Laureate and bearded head of Zeus right,"CAMO // CATωΝ, lion walking right.",
,M0146,27/09/2023,BIDDR - NUMISMAD 9,F019,IMPERI ROMÀ,37,CLAUDIUS,SYRIA,ANTIOQUIA,AE,"Syria, Antioch AE (Bronze, 11.45g, 26mm) Claudius (37-54)","11,45",26,26,"IM·TI·CLA·CAE AV·GER; laureate head of Claudius, r.",S C; inscription within a laurel wreath of eight leaves,
,M0147,27/09/2023,BIDDR - NUMISMAD 9,F019,IMPERI ROMÀ,189/90,COMMODUS,EGIPTE,ALEXANDRIA,TETRADRACMA,"Egypt, Alexandria AE Tetradrachm (Bronze, 10.73g, 23mm) Commodus (177-192)","10,73",23,75,"Μ Α ΚΟΜ ΑΝΤΩ ϹƐΒ ƐΥϹƐΒ; laureate head of Commodus, r.","L Λ; bust of Selene, l., (wearing taenia); before, crescent",
,M0148,27/09/2023,BIDDR - NUMISMAD 9,F019,IMPERI ROMÀ,25 BC,AUGUSTUS,,,AE,"Asia Minor, uncertain AE Bronze, 8.55g, 26mm) Augustus (27 BC - 14 AD) = AS 25BC Augustus","8,55",26,46,CAESAR,AVGVSTVS,
,M0149,27/09/2023,BIDDR - NUMISMAD 9,F019,IMPERI ROMÀ,81,DOMITIAN,LACI,ROME,DENARI,Domitian (81-96) AR Denarius,"3,26",19,58,"IMP CAES DOMIT AVG GERM P M TR P XV, Laureate head of Domitian to right.","IMP XXII COS XVII CENS P P P, Minerva standing front, head to left, holding spear in her right hand.",
,M0150,27/09/2023,BIDDR - NUMISMAD 9,F019,IMPERI ROMÀ,117,HADRIAN,LACI,ROME,DENARI,Hadrian (117-138) AR Denarius,"3,16",20,70,"HADRIANVS AVGVSTVS, Laureate head of Hadrian to right, with slight drapery on his left shoulder.","COS III Neptune standing front, head to right, nude but for cloak hanging around his left leg, resting his left foot on prow, holding trident in his right hand and acrostolium in his left.",
,M0151,27/09/2023,BIDDR - NUMISMAD 9,F019,OTTOMAN EMPIRE,,,,,AKCE,"Ottoman Empire, unidentified ruller, AR Akce","20,22",39,26,,,
,M0152,02/10/2023,BIDDR - SAVOCA 176,F020,GREGA,-100,,SELEUCIS & PIERIA,ANTIOQUIA,AE,Seleucis and Pieria. Antioch circa 100-0 BC. Bronze,"5,67",20,18,ZEUS,ANTIOX,
,M0153,02/10/2023,BIDDR - SAVOCA 176,F020,KINGS OF PARTHIA,123-88 BC,MITHRADATES II,PARTHIA,,DRACMA,Kings of Parthia. Mithradates II 123-88 BC. Drachm AR,"3,71",19,97,,BASILEWS// MEGALOU// ARSAKOU// EPIFANOUS,
,M0154,29/09/2023,BIDDR - SAVOCA 176,F020,IMPERI ROMÀ,-11,AUGUSTUS,THRACE,,AE,Kings of Thrace. Rhoemetalkes I with Augustus 11 BC-AD 12. Bronze,"4,81",19,32,BAΣIΛEΩΣ[ΡOIMHTAΛKOΥ,KAIΣAΡOΣ ΣEBAΣTOΥ,
,M0155,29/09/2023,BIDDR - SAVOCA 176,F020,IMPERI ROMÀ,-27,AUGUSTUS,,,AE,Asia Minor. Uncertain mint. Augustus 27 BC-AD 14. Bronze,"12,46",24,32,,,
,M0156,29/09/2023,BIDDR - SAVOCA 176,F020,IMPERI ROMÀ,54,VARIOUS,LYDIA,HIEROCESAREA,AE,Lydia. Hierocaesarea. Pseudo-autonomous issue AD 54-138,"2,78",17,32,CYNKΛHTOC (SENAT),IEPOKAICAPEΩN (HIEROCESAREA),
,M0157,29/09/2023,BIDDR - SAVOCA 176,F020,IMPERI ROMÀ,54,NERO,LYDIA,SARDES,AE,Lydia. Sardeis. Pseudo-autonomous issue. Time of Nero AD 54-68,"2,13",15,21,,,
,M0158,29/09/2023,BIDDR - SAVOCA 176,F020,IMPERI ROMÀ,69,VESPASIAN,PISIDIA,ANTIOQUIA,AE,"Pisidia. Antioch. Vespasian AD 69-79. Bronze. RPC II, 1604 ","6,91",23,30,T CAESAR AVG,ANT COL,
,M0159,29/09/2023,BIDDR - SAVOCA 176,F020,IMPERI ROMÀ,14,TIBERIUS,SELEUCIS & PIERIA,ANTIOQUIA,AE,Seleucis and Pieria. Antioch. Tiberius AD 14-37. Bronze ,"7,92",22,68,,,
,M0160,29/09/2023,BIDDR - SAVOCA 176,F020,IMPERI ROMÀ,76,TITUS,SELEUCIS & PIERIA,ANTIOQUIA,AE,"Seleucis and Pieria. Antioch. Titus, as Caesar AD 76-78. Bronze","7,74",23,73,,,
,M0161,29/09/2023,BIDDR - SAVOCA 176,F020,IMPERI ROMÀ,161,LUCIUS VERUS,LACI,ROME,DENARI,Lucius Verus AD 161-169. Rome Denarius AR,"3,08",18,93,L VERVS AVG ARMENIACVS,TR P III IMP II COS II,
,M0162,29/09/2023,BIDDR - SAVOCA 176,F020,IMPERI ROMÀ,197,GETA,LACI,ROME,DENARI,"Geta, as Caesar AD 197-209. Rome Denarius AR","1,88",20,36,P SEPT GETA CAES PONT,FELICITAS PVBLICA,
,M0163,29/09/2023,BIDDR - SAVOCA 176,F020,IMPERI ROMÀ,211,SEPTIMUS SEVERUS,LACI,ROME,DENARI,Divus Septimius Severus AD 211. Rome Denarius,"2,6",20,40,DIVO SEVERO PIO,CONSECRATIO,
,M0164,29/09/2023,BIDDR - SAVOCA 176,F020,IMPERI ROMÀ,225,JULIA MAMAEA,LACI,ROME,DENARI,Julia Mamaea. Augusta AD 225-235. Rome Denarius AR,"2,51",20,24,IVLIA MAMAEA AVG,VESTA,
,M0165,29/09/2023,BIDDR - SAVOCA 176,F020,IMPERI ROMÀ,253,VALERIANUS I,LACI,ROME,ANTONINIANO,Valerian I AD 253-260. Rome Antoninianus AR,"3,02",22,32,IMP VALERIANVS P AVG,VIRTVS AVGG,
,M0166,29/09/2023,BIDDR - SAVOCA 176,F020,SASANIAN EMPIRE,591-628,YAZD,,,DRACMA,Sasanian Kingdom. YZ (Yazd) mint. Khusro II AD 591-628.,"4,17",33,33,,,
,M0167,04/10/2023,BIDDR - OLYMPUS NUMISMATIC 7,F021,IMPERI ROMÀ,117,HADRIAN,CAPPADOCIA,CAESAREA,HEMIDRACMA,Roman Provincial CAPPADOCIA. Caesarea. Hadrian (117-138 AD).AR Hemidrachm,"1,57","14,2",12,,,
,M0168,04/10/2023,BIDDR - OLYMPUS NUMISMATIC 7,F021,IMPERI ROMÀ,138,ANTONINUS PIUS,CAPPADOCIA,CAESAREA,DIDRACMA,Roman Provincial CAPPADOCIA. Caesarea. Antoninus Pius (138–161 AD).AR Didrachm,"5,25",22,20,,,
,M0169,04/10/2023,BIDDR - OLYMPUS NUMISMATIC 7,F021,IMPERI ROMÀ,198,CARACALLA,CAPPADOCIA,CAESAREA,AE,Roman Provincial CAPPADOCIA. Caesarea. Caracalla (198-217 AD) AE Bronze,"14,25","27,2",12,,,
,M0170,04/10/2023,BIDDR - OLYMPUS NUMISMATIC 7,F021,IMPERI ROMÀ,147,FAUSTINA JUNIOR,THRACE,HADRIANOPOLIS,AE,Roman Provincial THRACE. Hadrianopolis. Faustina II (147-175 AD). AE Bronze,"6,36","19,3",14,ΦΑVϹΤΕΙΝΑ ϹΕΒΑϹΤΗ,ΑΔΡΙΑΝΟΠΟΛΕΙΤΩN,
,M0171,04/10/2023,BIDDR - OLYMPUS NUMISMATIC 7,F021,IMPERI ROMÀ,54,NERO,MYSIA,PERGAMON,AE,Roman Provincial MYSIA. Pergamon. Pseudo-autonomous. Time of Claudius to Nero,"3,04","15,5",10,ΘƐΟΝ ϹΥΝΚΛΗΤΟΝ (Deu SENAT),ΘƐΑΝ ΡΩΜΗΝ (DEU ROMA),
,M0172,04/10/2023,BIDDR - OLYMPUS NUMISMATIC 7,F021,GREGA,350-300 BC,SOSANDROS,BITHYNIA,KIOS,AE,Greek BITHYNIA. Kios. (Circa 350-300 BC). Persic standard. Sosandros,"2,3","13,2",35,,,
,M0173,04/10/2023,BIDDR - OLYMPUS NUMISMATIC 7,F021,GREGA,250-200 BC,,AEOLIS,KYME,AE,Greek AEOLIS. Kyme. (Circa 250-200 BC). AE Bronze,"6,61","22,5",10,,,
,M0174,04/10/2023,BIDDR - OLYMPUS NUMISMATIC 7,F021,GREGA,450-400 BC,,MYSIA,KYZIKOS,OBOL,Greek MYSIA. Kyzikos. (Circa 450-400 BC). AR Obol,"1,07","10,4",10,,,
,M0175,04/10/2023,BIDDR - OLYMPUS NUMISMATIC 7,F021,GREGA,450-400 BC,,MYSIA,KYZIKOS,OBOL,Greek MYSIA. Kyzikos (Circa 450-400 BC) AR Obol,"0,49",8,12,,,
,M0176,04/10/2023,BIDDR - OLYMPUS NUMISMATIC 7,F021,GREGA,4th.-3rd century,,MYSIA,LAMPSAKOS,DIOBOL,Greek MYSIA. Lampsakos. (4th-3rd century BC). AR Diobol,"1,08",12,22,,,
,M0177,06/10/2023,BIDDR - NBS 1,F022,IMPERI ROMÀ,69-79,VESPASIAN,LACI,ROME,DENARI,Vespasian. A.D. 69-79. AR denarius,"3,2","18,8",68,,,
,M0178,06/10/2023,BIDDR - BUCEPHALUS Bronze 26,F023,SELEUKID KINGDOM,162-150 BC,DEMETRIUS 1 SOTER,SELEUCIS & PEIREA,ANTIOCH AD ORONTEM,AE,Greek Coin. 8.07g 19.8m Demetrius I Soter (162-150 BC) ,"8,07","19,8",14,ARTEMIS,ΒΑΣΙΛΕΩΣ ΔΗΜΗΤΡΙΟΥ,
,M0179,06/10/2023,BIDDR - BUCEPHALUS Bronze 26,F023,GREGA,-100,,SELEUCIS & PIERIA,ANTIOQUIA,AE,Greek Coin. 7.50g 18.6m Antiochia 1st BC,"7,5","18,6",16,,ANTIOX[EWN] THS/ MHTROPO[LEWS/ IRRAS KAI ASYLOY/ AYTONOMOY],
,M0180,06/10/2023,BIDDR - BUCEPHALUS Bronze 26,F023,IMPERI ROMÀ,65-66,,SELEUCIS & PIERIA,ANTIOQUIA,TRICHALKON,Greek Coin. 5.46g 18.7m Antiochia (ET · ΔIP) trichalkon Year 114 of the Caesarean Era (A.D. 65/6).,"5,46","18,7",16,TURRETED TYCHE,(ET · ΔIP) trichalkon Year 114 of the Caesarean Era (A.D. 65/6).,
,M0181,06/10/2023,BIDDR - BUCEPHALUS Bronze 26,F023,IMPERI ROMÀ,69,VESPASIAN,LACI,,DENARI,Vespasian denarius. 2.88g 17.9m,"2,88","17,9",24,CAESAR VESPASIANVS A[VG],... COS VI ...,
,M0182,06/10/2023,BIDDR - BUCEPHALUS Bronze 26,F023,IMPERI ROMÀ,238,GORDIANO III,LACI,,ANTONINIANO,Gordian III antoninianus. 4.29g 22.9m,"4,29","22,9",24,IMP GORDIANVS PIVS FEL AVG,SECURIT PERP,
,M0183,06/10/2023,BIDDR - BUCEPHALUS Bronze 26,F023,IMPERI ROMÀ,249,TRAJAN DECIUS,,,OCTASSARIA,Decius trajan. 16.28g 32.9m,"16,28","32,9",20,ΑΥΤ Κ Γ ΜE ΚΥ ΤΡΑΙΑΝΟϹ ΔEΚΙΟC CEΒ,ΑΝΤΙΟΧEΩΝ ΜΗΤΡΟ ΚΟΛΩΝ/ Δ-E/ S C,
,M0184,06/10/2023,BIDDR - BUCEPHALUS Bronze 26,F023,IMPERI ROMÀ,96,NERVA,SELEUCIS & PIERIA,ANTIOQUIA,AE,Nerva As. 16.91g 29.6m Antioch 96-98 Dupondius or assaria. McAlee 421f. RPC III 3484,"16,91","29,6",34,[IMP C]AESAR NERVA AVG III [COS],OFICINA GAMMA,
,M0185,06/10/2023,BIDDR - BUCEPHALUS Bronze 26,F023,IMPERI ROMÀ,117,HADRIAN,LACI,,DENARI,Hadrianus denarius. 2.49g 19.4m. Ref 985,"2,49","19,4",46,HADRIANVS AVG COS III PP,FIDES PVBLICA,
,M0186,06/10/2023,BIDDR - BUCEPHALUS Bronze 26,F023,IMPERI ROMÀ,76,TITUS,LACI,,DENARI,Titus denarius. 3.21g 17.9m,"3,21","17,9",22,TITVS CAES VESPASIAN AVG PM,TRP IX IMP [XV - COS VIII PP],
,M0187,09/10/2023,BIDDR - SAVOCA BLUE 177,F024,IMPERI ROMÀ,198,CARACALLA,TROAS,ALEXANDRIA,AE,"Troas. Alexandreia. Caracalla AD 198-217. Bronze Æ 15 mm, 2,14 g","2,14",15,19,[ANTONI]-INVS PI,COL AVG TRO,
,M0188,09/10/2023,BIDDR - SAVOCA BLUE 177,F024,IMPERI ROMÀ,41,CLAUDIUS,PHRYGIA,AIZANIS,AE,"Phrygia. Aizanis. Claudius AD 41-54. Bronze Æ 19 mm, 4,41 g","4,41",19,31,ΚΛΑΥΔΙΟΣ (CLAUDIOS),[EΠI] KΛAYΔIOY [IEPAKOC],
,M0189,09/10/2023,BIDDR - SAVOCA BLUE 177,F024,IMPERI ROMÀ,161,MARCUS AURELIUS,CYRRHESTICA,BAMBYCE - HIEROPOLIS,AE,"Cyrrhestica. Bambyce - Hieropolis. Marcus Aurelius AD 161-180. Bronze Æ 22mm RPC IV.3, 6989","9,01",22,33,,,
,M0190,09/10/2023,BIDDR - SAVOCA BLUE 177,F024,IMPERI ROMÀ,14,TIBERIUS,SELEUCIS & PIERIA,ANTIOQUIA,AE,"Seleucis and Pieria. Antioch. Tiberius AD 14-37. Bronze Æ 27 mm, 15,59 g","15,59",27,54, [ΣΕ]ΒΑΣΤΟΣ ΣΕΒ[ΑΣΤΟΥ ΚΑΙΣΑΡ],Α ΕΠΙ ΣΙΛΑΝΟΥ ΑΝΤΙΟΧΕΩΝ ƐΜ,
,M0191,14/10/2023,BIDDR - REX NUMISMATICS E-AUCTION 2,F025,IMPERI ROMÀ,208,SEPTIMUS SEVERUS,CAPPADOCIA,CAESAREA,DRACMA,CAPPADOCIA. Caesarea. Septimius Severus (193-211). Drachm,"2,54","18,42",32,[AY KAI Λ CEΠ] CEOYHPOC,MHTPO K[AICAPI NEΩ],
,M0192,14/10/2023,BIDDR - REX NUMISMATICS E-AUCTION 2,F025,IMPERI ROMÀ,197/8,CARACALLA,CAPPADOCIA,CAESAREA,DRACMA,"CAPPADOCIA. Caesarea. Caracalla (Caesar, 196-198). Drachm","3,45",16,33,M AVPH ANTω [KAI],MHTPOΠ KAICAPI / ЄT Є,
,M0193,14/10/2023,BIDDR - REX NUMISMATICS E-AUCTION 2,F025,IMPERI ROMÀ,69,DOMITIAN,LACI,ROME,DUPONDI,"DOMITIAN (Caesar, 69-81). Dupondius","12,32",27,42,CAES DIVI AVG VESP F DOMITIAN COS VII,CERES AVGVST / S - C,
,M0194,14/10/2023,BIDDR - REX NUMISMATICS E-AUCTION 2,F025,IMPERI ROMÀ,218,ELAGABALUS,LACI,,DENARI,ELAGABALUS (218-222). Denarius.,"2,16","17,6",40,IMP ANTONINVS AVG,ANNONA AVGVSTI,
,M0195,14/10/2023,BIDDR - REX NUMISMATICS E-AUCTION 2,F025,IMPERI ROMÀ,222,SEVERUS ALEXANDER,LACI,ROMA,SESTERCI,SEVERUS ALEXANDER (222-235). Sestertius. Rome,"22,96","30,6",63,IMP ALEXANDER PIVS AVG.,MARS VLTOR / S - C.,
,M0196,14/10/2023,BIDDR - REX NUMISMATICS E-AUCTION 2,F025,IMPERI ROMÀ,222,SEVERUS ALEXANDER,LACI,ROMA,SESTERCI,SEVERUS ALEXANDER (222-235). Sestertius. Rome,"18,59","28,66",63,IMP ALEXANDER PIVS AVG.,PROVIDENTIA AVG / S - C.,
,M0197,14/10/2023,BIDDR - REX NUMISMATICS E-AUCTION 2,F025,IMPERI ROMÀ,235,MAXIMINUS I THRAX,LACI,,DENARI,MAXIMINUS THRAX (235-238). Denarius,"2,89","19,3",58,IMP MAXIMINVS PIVS AVG.,PAX AVGVSTI,
,M0198,14/10/2023,BIDDR - REX NUMISMATICS E-AUCTION 2,F025,IMPERI ROMÀ,238,GORDIANO III,SELEUCIS & PIERIA,ANTIOQUIA,ANTONINIANO,GORDIAN III (238-244). Antoninianus,"3,63","23,39",28,IMP GORDIANVS PIVS FEL AVG.,ORIENS AVG,
,M0199,14/10/2023,BIDDR - REX NUMISMATICS E-AUCTION 2,F025,IMPERI ROMÀ,238,GORDIANO III,LACI,ROMA,ANTONINIANO,GORDIAN III (238-244). Antoninianus,"4,47","23,04",30,IMP GORDIANVS PIVS FEL AVG.,FORT REDVX,
,M0200,16/10/2023,BIDDR - APHRODITE 14,F026,SELEUKID KINGDOM,261-246 BC,ANTIOCHOS II THEOS,LYDIA,SARDES,AE,"Seleukid Kings. Antiochos II Theos (261–246 BC). Æ (15,7mm, 3.95g). Sardes","3,95","15,7",27,,ANTIOXOY ΒΑΣΙΛΕΥ,
,M0201,16/10/2023,BIDDR - APHRODITE 14,F026,GREGA,4th century BC,,TROAS,GERGIS,AE,"Troas, Gergis, c. 4th century BC. Æ (12,5mm, 1.45g) https://es.wikipedia.org/wiki/Sibila_Her%C3%B3fila","1,45","12,5",38,Sibyl Herophile,Sphinx ΓΕΡ,
,M0202,16/10/2023,BIDDR - APHRODITE 14,F026,IMPERI ROMÀ,54,NERO,SELEUCIS & PIERIA,ANTIOQUIA,AE,"Syria, Seleucis and Pieria. Antioch. Pseudo-autonomous issue. Æ (14,6mm, 3g). Time Nero",3,"14,6",17,,ANT ET,
,M0203,16/10/2023,BIDDR - APHRODITE 14,F026,IMPERI ROMÀ,69,VESPASIAN,LACI,ROMA,DENARI,"Vespasian (69-79). AR Denarius (19mm, 3.2g), Rome, 75","3,2",19,65,IMP CAESAR VESPASIANVS AVG,PON MAX TR P COS VI,
,M0204,17/10/2023,BIDDR - NUMISMAD 10,F027,IMPERI ROMÀ,88-40 BC,,PHRYGIA,APAMEIA,AE,"Phrygia, Apameia AE (Bronze, 3.65 g 19mm), ca 88-40 BC","3,65",19,35,,AΠΑΜΕ ΠΑΝΚΡ ΖΗΝΟ (magistrate Son of Zeno),
,M0205,17/10/2023,BIDDR - NUMISMAD 10,F027,SELEUKID KINGDOM,246BC,SELEUKOS II KALLINIKOS,SYRIA,,AE,"Seleukid Kings of Syria, Seleukos II Kallinikos (246-225 BC)","4,72",17,20,,"ΒΑΣΙΛΕΩΣ / ΣΕΛΕΥΚΟΥ,",
,M0206,17/10/2023,BIDDR - NUMISMAD 10,F027,KINGS OF PARTHIA,57-38 BC,ORODES II,PARTHIA,,DRACMA,"Kings of Parthia, Orodes II (ca 57-38 BC) AR drachm","3,45",20,38,,ΒΑΣΙΛΕΩΣ-ΒΑΣΙΛΕΩΝ / Α-ΡΣΑΚΟΥ / ΕΥΕΡΓΕΤΟΥ-ΔΙΚΑΙΟΥ / ΕΠΙΦΑΝΟΥΣ-ΦΙΛΕΛΛΗΝΟΣ,
,M0207,17/10/2023,BIDDR - NUMISMAD 10,F027,IMPERI ROMÀ,249,TRAJAN DECIUS,LACI,,SESTERCI,Trajan Decius (249-251) AE Sestertius,"19,47",29,45,IMP C M Q TRAIANVS DECIVS AVG,PANNONIAE S-C,
,M0208,23/10/2023,BIDDR - BUCEPHALUS BRONZE 27,F028,GREGA,,,IONIA,MILETOS,AE,Greek Coin. 3.39g 16.9m IONIA MILETOS,"3,39","16,9",8,Apollo,,
,M0209,23/10/2023,BIDDR - BUCEPHALUS BRONZE 27,F028,GREGA,,,IONIA,PHOKAIA,OBOL,Greek Coin. 1.12g 9.3m IONIA PHOKAIA,"1,12","9,3",22,,,
,M0210,23/10/2023,BIDDR - BUCEPHALUS BRONZE 27,F028,GREGA,,,IONIA,MAGNESIA,OBOL,Greek Coin. 1.10g 10.1m MAGNESIA AD MAENDRUM,"1,1","10,1",18,,,
,M0211,23/10/2023,BIDDR - BUCEPHALUS BRONZE 27,F028,GREGA,,,IONIA,MILETOS,OBOL,Greek Coin. 1.12g 8.8m IONIA MILETOS,"1,12","8,8",18,,,
,M0212,23/10/2023,BIDDR - BUCEPHALUS BRONZE 27,F028,GREGA,,,IONIA,PHOKAIA,OBOL,Greek Coin. 1.27g 9.7m IONIA PHOKAIA,"1,27","9,7",20,,,
,M0213,23/10/2023,BIDDR - BUCEPHALUS BRONZE 27,F028,GREGA,,,LYDIA,SARDES,AE,Greek Coin. 6.26g 16.6m LYDIA SARDES HERAKLES APOLLO,"6,26","16,6",8,OПINAΣ - AKIANOΣ,[Σ]ΑΡΔ[Ι] - ΑΝΩΝ,
,M0214,23/10/2023,BIDDR - BUCEPHALUS BRONZE 27,F028,GREGA,,,PHRYGIA,APAMEIA,AE,Greek Coin. 3.88g 17.1m APAMEIA MARSYAS,"3,88","17,1",10,ΑΠΑΜΕΦΝ ΜΑΡCYAC,,
,M0215,23/10/2023,BIDDR - BUCEPHALUS BRONZE 27,F028,SELEUKID KINGDOM,,SELEUKOS NIKATOR I,SYRIA,APAMEIA AD ORONTEM,AE,Greek Coin. 6.04g 18.4m SELEUKOS I NIKATOR  bronze cancer,"6,04","18,4",14,,[ΒΑ]ΣΙΛΕΩ[Σ ΣΕ]ΛΕΥΚ[ΟΥ],
,M0216,23/10/2023,BIDDR - RÖNESANS 5,F029,GREGA,133-48 BC,,PHRYGIA,APAMEIA,AE,"Phrygia, Apameia, Civic issue (133-48 BC) AE","3,54","16,8",29,,,
,M0217,23/10/2023,BIDDR - RÖNESANS 5,F029,GREGA,88-40 BC,,PHRYGIA,APAMEIA,AE,PHRYGIA. Apameia. Circa 88-40 BC,"5,16","17,8",13,,,
,M0218,23/10/2023,BIDDR - RÖNESANS 5,F029,IMPERI ROMÀ,280,PROBUS,SELEUCIS & PIERIA,ANTIOQUIA,ANTONINIANO,PROBUS Aurelianus 280 Antioche Obverse: IMP C M AVR PROBVS P F AVG Radiate,"3,39","22,8",13,,,
,M0219,23/10/2023,BIDDR - RÖNESANS 5,F029,IMPERI ROMÀ,284,DIOCLECTIAN,LACI,,ANTONINIANO,Diocletianus (284-305 AD). AE silvered Antoninianus,"3,42","21,3",14,,,
,M0220,23/10/2023,BIDDR - RÖNESANS 5,F029,IMPERI ROMÀ,324,CONSTANTIUS II,LACI,,,Constantius II. (324-361 AD),"2,81","19,9",10,,,
,M0221,23/10/2023,BIDDR - RÖNESANS 5,F029,IMPERI ROMÀ,317,LICINUS II,LACI,,FOLLIS,"Licinius II. Caesar, A.D. 317-324. Æ follis","3,2",19,13,,,
,M0222,23/10/2023,BIDDR - RÖNESANS 5,F029,IMPERI ROMÀ,253,GALLIENUS,TROAS,ALEXANDRIA,AE,"Troas, Alexandria AE Gallienus (253-268)","3,42","20,7",15,,,
,M0223,24/10/2023,BIDDR - DEMOS 24,F030,GREGA,4th century BC,,IONIA,MILETOS,OBOL,Ionia. Miletos. (4th Century BC) AR Obol,"1,06",10,27,,,
,M0224,24/10/2023,BIDDR - DEMOS 24,F030,GREGA,387-340 BC,,THRACE,BYZANTION,HEMIDRACMA,Thrace. Byzantion. (387-340 BC) AR Hemidrachm,"1,79",11,24,,,
,M0225,24/10/2023,BIDDR - DEMOS 24,F030,GREGA,3rd-2nd century BC,,MYSIA,KYZIKOS,AE,Mysia. Kyzikos. (3.-2. Century BC). Bronze Æ,"3,7",15,26,,,
,M0226,24/10/2023,BIDDR - DEMOS 24,F030,GREGA,202-133 BC,,IONIA,EPHESOS,AE,Ionia. Ephesos. (202-133 BC) Bronze Æ,"1,92",14,22,,,
,M0227,24/10/2023,BIDDR - DEMOS 24,F030,IMPERI ROMÀ,161,MARCUS AURELIUS,CAPPADOCIA,CAESAREA,AE,Marcus Aurelius. (161-180) Æ Bronze,"16,15",29,29,,,
,M0228,24/10/2023,BIDDR - DEMOS 24,F030,IMPERI ROMÀ,238,GORDIANO III,LACI,ROMA,SESTERCI,Gordian III. (238-244 AD) Æ Sesterz,"17,36",29,41,,,
,M0229,25/10/2023,BIDDR - REX BUDGET 2,F031,IMPERI ROMÀ,38,ANTIOCHOS IV EPIPHANES,COMMAGENE,SAMOSATA,AE,KINGS OF COMMAGENE. Antiochos IV Epiphanes,"13,69","25,8",23,,,
,M0230,25/10/2023,BIDDR - REX BUDGET 2,F031,IMPERI ROMÀ,69,VESPASIAN,SELEUCIS & PIERIA,ANTIOQUIA,TETRADRACMA,SELEUCIS & PIERIA. Antioch. Vespasian (69-79). Tetradrachm,"11,3","25,53",43,,,
,M0231,25/10/2023,BIDDR - CONCORDIA 9,F032,IMPERI ROMÀ,88-40 BC,,PHRYGIA,APAMEIA,AE,"Phrygia, Apameia. Ae, 5.35 g 17.73 mm. Circa 88-40 BC. Kephiso","5,35","17,73",37,,,
,M0232,25/10/2023,BIDDR - CONCORDIA 9,F032,IMPERI ROMÀ,41,CLAUDIUS,MYSIA,PERGAMON,AE,"Mysia, Pergamum. Pseudo-autonomous, Time of Claudius to Nero (AD 41-68). AE","4,14","18,22",19,,,
,M0233,25/10/2023,BIDDR - CONCORDIA 9,F032,IMPERI ROMÀ,138,ANTONINUS PIUS,AEOLIS,MYRINA,AE,"Aeolis, Myrina. Pseudo-autonomous, Time of the Antonines (AD 138-192). AE","1,69","16,38",21,,,
,M0234,25/10/2023,BIDDR - CONCORDIA 9,F032,IMPERI ROMÀ,,,PHRYGIA,AMORIUM,AE,"Phrygia, Amorium. Pseudo-autonomous. Uncertain reign. AE","2,4","16,14",23,,,
,M0235,25/10/2023,BIDDR - CONCORDIA 9,F032,IMPERI ROMÀ,54,NERO,PHRYGIA,EUMENEA,AE,"Phrygia, Eumenea. Nero, AD 54-68. AE","3,51","19,47",23,,,
,M0236,26/10/2023,BIDDR - ZEUS WEB 29,F033,GREGA,480-450 BC,,AEOLIS,KYME,OBOL,"Greek Obols, Ca. 350-100 BC. AR","0,4","7,5",28,,,
,M0237,26/10/2023,BIDDR - ZEUS WEB 29,F033,IMPERI ROMÀ,222,SEVERUS ALEXANDER,MESOPOTAMIA,EDESSA,AE,Roman Provincial Coins. Circa. 1st - 3rd Century 16.9gr . edessa mesopotamia,"16,9","32,1",28,,,
,M0238,26/10/2023,BIDDR - ZEUS WEB 29,F033,IMPERI ROMÀ,198,CARACALLA,PISIDIA,ANTIOQUIA,AE,"Roman Provincial Coins. Circa. 1st - 3rd Century 6.3gr. antioch, pisidia","6,3","23,1",24,,,
,M0239,26/10/2023,BIDDR - ZEUS WEB 29,F033,IMPERI ROMÀ,218,ELAGABALUS,TROAS,ALEXANDRIA,AE,"Roman Provincial Coins. Circa. 1st - 3rd Century 7.6gr,alexandria, troas","7,6","22,6",20,,,
,M0240,26/10/2023,BIDDR - ZEUS WEB 29,F033,IMPERI ROMÀ,235,MAXIMINUS I THRAX,TROAS,ALEXANDRIA,AE,Roman Provincial Coins. Circa. 1st - 3rd Century 12.9gr alexandria troas,"12,9","25,7",30,,,
,M0241,26/10/2023,BIDDR - ZEUS WEB 29,F033,IMPERI ROMÀ,251,VOLUSIAN,TROAS,ALEXANDRIA,AE,Roman Provincial Coins. Circa. 1st - 3rd Century. 4.2gr alexandria troas,"4,2","21,9",22,,,
,M0242,26/10/2023,BIDDR - ZEUS WEB 29,F033,IMPERI ROMÀ,222,SEVERUS ALEXANDER,TROAS,ALEXANDRIA,AE,Roman Provincial Coins. Circa. 1st - 3rd Century 6.1gr alexandria troas,"6,1","23,3",20,,,
,M0243,31/10/2023,BIDDR - RÖNESANS BLUE 2,F034,GREGA,,,MYSIA,KYZICOS,OBOL,"Greek coins obol AR 0,3 g. 6,8 mm. kyzycos","0,3","6,8",11,,,
,M0244,31/10/2023,BIDDR - RÖNESANS BLUE 2,F034,PTOLEMAIC KINGS,,,EGIPTE,ALEXANDRIA,AE,"Greek coins AE Bronze 13 g. 23,2 mm. Ptolomeo",13,"23,2",34,,,
,M0245,31/10/2023,BIDDR - RÖNESANS BLUE 2,F034,GREGA,,,IONIA,EPHESOS,AE,"Greek coins AE Bronze 2,4 g. 13,7 mm. Ephesos","2,4","13,7",13,,,
,M0246,31/10/2023,BIDDR - RÖNESANS BLUE 2,F034,GREGA,,,IONIA,EPHESOS,AE,"Greek coins AE Bronze 1,2 g. 13 mm. Ephesos","1,2",13,13,,,
,M0247,31/10/2023,BIDDR - RÖNESANS BLUE 2,F034,GREGA,,,LESBOS,MITILENE,AE,"Greek coins AE Bronze 0,54 g. 8,9 mm. Lesbos, mitilene","0,54","8,9",16,,,
,M0248,31/10/2023,BIDDR - RÖNESANS BLUE 2,F034,IMPERI ROMÀ,238,GORDIANO III,LACI,ROMA,SESTERCI,"Roman coins AE Bronze 15,3 g. 27,8 mm. Sestercio Gordiano3","15,3","27,8",36,,,
,M0249,31/10/2023,BIDDR - RÖNESANS BLUE 2,F034,IMPERI ROMÀ,161,MARCUS AURELIUS,CAPPADOCIA,CAESAREA,AE,"Roman coins AE Bronze 6,8 g. 21,5 mm. M aurelio, capadoccia?","6,8","21,5",14,,,
,M0250,08/11/2023,BIDDR - ARTEMIDE,F035,IMPERI ROMÀ,54,NERO,EGIPTE,ALEXANDRIA,TETRADRACMA,Tetradrachm Alexandria,,,75,,,
,M0251,08/11/2023,BIDDR - ARTEMIDE,F035,IMPERI ROMÀ,247,PHILIPPUS II,,,ANTONINIANO,Antoniniano Felipe II Seculare games Arce,,,75,,,
,M0252,5/11/2023,BIDDR - NUMISMATIK NAUMANN 134,F036,IMPERI ROMÀ,241,GORDIANO III,MOESIA INFERIOR,MARCIANOPOLIS,PENTASARION,Moesia inferior. Marcianopolis Gordian III. Pentasarion,10,26,65,,,
,M0253,5/11/2023,BIDDR - NUMISMATIK NAUMANN 134,F036,GREGA,340-325 BC,,PANTIKAPAION,,AE,CIMMERIAN BOSPOROS. Pantikapaion. Ae,"3,24",17,70,,,
,M0254,5/11/2023,BIDDR - NUMISMATIK NAUMANN 134,F036,REPUBLICA ROMANA,105 BC,GENS THORIUS BALBUS,LACI,ROMA,DENARI,L. THORIUS BALBUS. Denarius,"3,74",20,85,,,
,M0255,21/10/2023,BIDDR - SAVOCA BLUE 180,F037,IMPERI ROMÀ,235,MAXIMINUS I THRAX,LACI,ROMA,SESTERCI,Maximinus I Thrax AD 235-238. Rome. Sestertius.,"18,27",30,52,,,
,M0256,18/11/2023,BIDDR - REX NUMISMATICS E-REX 3,F038,IMPERI ROMÀ,1st century BC,,SELEUCIS & PIERIA,APAMEIA,AE,Dated year 8 of the Pompeian era (57/6 BC).,"9,68","21,43","41,5",,ΑΠΑΜΕΙΩΝ ΤΗΣ ΙΕΡΑΣ / ΚΑΙ ΑΣVΛΟV.,
,M0257,23/3/2024,BIDDR - SAVOCA BLUE 202,F039,SELEUKID KINGDOM,142BC,ANTIOCHOS VI DIONYSOS,SELEUCIS & PIERIA,ANTIOQUIA,AE,Seleukid Kingdom. Antioch on the Orontes. Antiochos VI Dionysos 144-142 BC.,"8,31",21,"70,8",,,
,M0258,23/3/2024,BIDDR - SOL NUMISMATIK,F040,IMPERI ROMÀ,-27,AUGUSTUS,SELEUCIS & PIERIA,ANTIOQUIA  ,AE,"SYRIA, Seleukis and Pieria. Antioch. Pseudo-autonomous issue, time of Augustus","7,17",19,18,,,
,M0259,31/3/2024,BIDDR - OLYMPUS 11,F041,IMPERI ROMÀ,238,GORDIANO III,CAPPADOCIA,CAESAREA,AE,CAPPADOCIA. Caesarea. Gordian III (238-244 AD). AE Bronze,"6,61",22,"39,8",,,
,M0260,6/4/2024,BIDDR - BUCEPHALUS 36,F042,PTOLEMAIC KINGS,285-246 BC,PTOLEMY II PHILADELPHOS,EGIPTE,ALEXANDRIA,AE OBOL,PTOLEMAIC KINGS OF EGYPT. Ptolemy II Philadelphos (285-246 BC). Ae Obol. Alexandria.,"10,13",23,"31,3",,,
,M0261,6/4/2024,BIDDR - BUCEPHALUS 36,F042,JUDAEA,52-59,AGRIPPA,JUDEA,JERUSALEM,AE PRUTAH,JUDAEA. Agrippa I (52-59). Ae Prutah. Jerusalem.,"2,8","17,1","15,3",,,
,M0262,6/4/2024,BIDDR - BUCEPHALUS 36,F042,JUDAEA,58/9,NERO,JUDEA,JERUSALEM,AE PRUTAH,JUDAEA. Procurators. Porcius Festus (59-62). Ae Prutah. Jerusalem. In the name of and dated RY 5 of Nero (58/9).,"1,89","15,1","25,3",,,
,M0263,6/4/2024,BIDDR - BUCEPHALUS 36,F042,IMPERI ROMÀ,54-68,NERO,PHRYGIA,APAMEIA,AE,"PHRYGIA. Apameia. Nero (54-68). Ae. M. Vettius Nigrus, magistrate.","6,56","19,6","35,3",,,
,M0264,6/4/2024,BIDDR - SAVOCA BLUE 205,F043,GREGA,324-323,,LYCAONIA,LARANDA,OBOL,Lycaonia. Laranda circa 324-323 BC.,"0,65",10,24,,,
,M0265,6/4/2024,BIDDR - SAVOCA BLUE 205,F043,PTOLEMAIC KINGS,116-51 BC,PTOLEMY IX to PTOLEMY XIII,EGIPTE,ALEXANDRIA,AE,Ptolemaic Kingdom of Egypt. Alexandria. Time of Ptolemy IX to Ptolemy XII 116-51 BC.,"9,31",20,55,,,
,M0266,6/4/2024,BIDDR - SAVOCA BLUE 205,F043,IMPERI ROMÀ,69-79,VESPASIAN,EGIPTE,ALEXANDRIA,TETRADRACMA,Egypt. Alexandria. Vespasian AD 69-79.,"10,55",24,49,,,
,M0267,14/4/2024,BIDDR - DEMOS 31,F044,IMPERI ROMÀ,50-30 BC,,PAMPHYLIA,PERGE,AE,"Pamphylia. Perge. (50-30 BC) Æ Bronze. Obv: temple of Artemis. Rev: bow and quiver. Weight 3,79 gr -","3,79",13,37,,,
,M0268,14/4/2024,BIDDR - DEMOS 31,F044,GREGA,330-300 BC,,PAPHLAGONIA,SINOPE,DRACMA,"Paphlagonia. Sinope. (330-300 BC) AR Drachm. Obv: head of nymph left. Rev: sea-eagle on dolphin left. Weight 5,59 gr - Diameter 18 mm","5,59",18,22,,,
,M0269,14/4/2024,BIDDR - DEMOS 31,F044,PTOLEMAIC KINGS,204-180 BC,PTOLEMY V EPIPHANES,EGIPTE,ALEXANDRIA,AE,"Ptolemaic Kingdom. Ptolemy V. Epiphanes. (204-180 BC). Bronze Æ. Alexandria. Weight 12,79 gr - Diameter 25 mm","12,79",25,23,,,
,M0270,22/09/2024,BIDDR - NUMMITRA 32,F045,IMPERI ROMÀ,218-222,ELAGABALUS,CAPPADOCIA,CAESAREA,AE,"Elagabalus (218-222). Cappadocia, Caesarea. Laureate, draped and cuirassed bust r. R/ Mt. Argaeus set upon altar. Cf. RPC VI online 6662","9,08",27,12,,,
,M0271,22/09/2024,BIDDR - NUMMITRA 32,F045,IMPERI ROMÀ,222-235,SEVERUS ALEXANDER,CAPPADOCIA,CAESAREA,AE,"CAPPADOCIA. Caesarea-Eusebia. Severus Alexander. 222-235. Ae (bronze, 7.32 g, 21 mm). Laureate head right, slight drapery. Rev. Three grain ears. RPC 6848","7,85",20,8,,,
,M0272,27/09/2024,BIDDR - NIMROD 8,F046,IMPERI ROMÀ,198-217,CARACALLA,MESOPOTAMIA,EDESSA,AE,"MESOPOTAMIA. Edessa. Caracalla, 198-217 AD. Æ 16mm, 3,09g *Repatinated*","3,09",16,"11,5",,,
,M0273,27/09/2024,BIDDR - NIMROD 8,F046,IMPERI ROMÀ,79,TITUS,SELEUCIS & PIERIA,ANTIOQUIA,AE,"SYRIA, Seleucis and Pieria. Antioch. Titus, 79-81 AD. Æ 20mm, 7,64g *Repatinated*","7,64",20,"16,5",,,
,M0274,29/09/2024,BIDDR - APHRODITE 27,F047,KINGS OF MACEDONIA,336-323 BC,ALEXANDER III THE GREAT,MACEDONIA,,AE,"Kings of Macedon. Alexander III 'the Great' (336-323 BC). Æ Half Unit (14,4mm, 3,22g). Uncertain mint in Macedon. Male head right, wearing tainia. R/ Horse prancing right; Boeotian shield horizontally below. Price 352.","3,22","14,4","16,4",,,
,M0275,29/09/2024,BIDDR - APHRODITE 27,F047,IMPERI ROMÀ,229-48 BC,,ISLANDS OF EPEIROS,KORKYRA,AE,"Islands off Epeiros, Korkyra. Roman rule, c. 229-48 BC. Æ (17,3mm, 3.8g). Uncertain magistrate. Head of Herakles right, wearing lion skin. R/ Prow right. HGC 6, 85.","3,8","17,3","8,8",,,
,M0276,29/09/2024,BIDDR - APHRODITE 27,F047,GREGA,4th-3rd cent BC,,AEOLIS,ELAIA,AE,"Aeolis, Elaia, mid 4th-3rd century BC. Æ (11mm, 1.36g, 12h). Helmeted head of Athena l. R/ Grain-seed within olive-wreath. SNG Copenhagen 171-2. Green patina, near VF","1,36",11,"9,4",,,
,M0277,29/09/2024,BIDDR - APHRODITE 27,F047,IMPERI ROMÀ,2nd-1st cent BC,,LYDIA,SARDES,AE,"Lydia, Sardes, c. 2nd-1st century BC. Æ (13,8mm, 4.2g). Head of Herakles to right, wearing lion skin headdress. R/ Kantharos; ΣAPΔI-ANΩN to left and right; ΣΔY to right. GRPC Lydia 176; BMC 45; SNG Copenhagen 469.","4,2","13,8","9,4",,,
,M0278,29/09/2024,BIDDR - APHRODITE 27,F047,IMPERI ROMÀ,133 BC - AD 14,,LYDIA,SARDES,AE,"Lydia, Sardes, c. 133 BC- AD 14. Æ (13,7mm, 4.7g). Laureate head of Apollo r. R/ ΣAPΔI-ANΩN, club within oak wreath, monogram. SNG Copenhagen 473var.","4,7","13,7","13,4",,,
,M0279,29/09/2024,BIDDR - APHRODITE 27,F047,,,,PHOENICIA,ARADOS,AE,"Phoenicia, Arados. Æ (14mm, 3.26g, 12h). Jugate heads of Zeus and Hera r. R/ Prow of galley l.; Phoenician inscription above. BMC Phoenicia p. 35, 292 ff.; SNG Cop 69 - 69; Cohen 770b; Rouvier 338 ff.","3,26",14,"14,4",,,
,M0280,29/09/2024,BIDDR - DEMOS 38,F048,IMPERI ROMÀ,54-68,NERO,LYDIA,SARDES,AE,"Lydia. Sardeis . Nero AD 54-68. Weight 3,45 gr - Diameter 12 mm.","3,45",12,48,,,
,M0281,13/10/2024,BIDDR - DEMO 39,F049,IMPERI ROMÀ,50-30 BC ,,PAMPHYLIA,PERGE,AE,"Pamphylia, Perge, AE, ca 50-30 BC. Weight 3,63 gr - Diameter 14 mm.","3,63",14,9,,,
,M0282,13/10/2024,BIDDR - DEMO 39,F049,IMPERI ROMÀ,161-169,LUCIUS VERUS,CAPPADOCIA,CAESAREA,AE,"Cappadocia. Caesarea. Lucius Verus AD 161-169. Weight 6,92 gr - Diameter 17 mm.","6,92",17,9,,,
,M0283,13/10/2024,BIDDR - DEMO 39,F049,IMPERI ROMÀ,222-235,SEVERUS ALEXANDER,CAPPADOCIA,CAESAREA,AE,"CAPPADOCIA, Caesarea. Severus Alexander, 222-235 AD. AE. Weight 11,15 gr - Diameter 25 mm.","11,15",25,16,,,
,M0284,13/10/2024,BIDDR - DEMO 39,F049,IMPERI ROMÀ,197-209,CARACALLA,LACONIA,LAS,AE,"Geta.197-209 AD.AE Bronze. Weight 4,56 gr - Diameter 20 mm. RARA mirar notes","4,56",20,7,,,
,M0285,13/10/2024,BIDDR - DEMO 39,F049,IMPERI ROMÀ,138-161,ANTONINUS PIUS,CAPPADOCIA,CAESAREA,AE,"CAPPADOCIA. Caesarea. Antoninus Pius (138–161). Ae. Weight 9,19 gr - Diameter 21 mm.","9,19",21,16,,,
,M0286,13/10/2024,BIDDR - DEMO 39,F049,IMPERI ROMÀ,125-128,HADRIAN,LACI,ROME,AE,"Hadrian Æ Semis or Quadrans. Rome, AD 125-128. Weight 2,14 gr - Diameter 15 mm.","2,14",15,8,,,
,M0287,13/10/2024,BIDDR - DEMO 39,F049,IMPERI ROMÀ,177-192,COMMODUS,CAPPADOCIA,CAESAREA,AE,"CAPPADOCIA. Caesarea. Commodus. A.D. 177-192. AE. Weight 8,46 gr - Diameter 18 mm.","8,46",18,12,,,
,M0288,13/10/2024,BIDDR - PANDORA 9,F050,GREGA,357-352 BC,,MYSIA,ADRAMYTION,AE,"MYSIA. Adramytion. Orontes, Satrap of Mysia (circa 357-352 BC).","1,7","11,3","6,5",Laureate head of Zeus right.,Forepart of Pegasos right.,
,M0289,13/10/2024,BIDDR - PANDORA 9,F050,GREGA,357-352 BC,,MYSIA,ADRAMYTION,AE,"MYSIA. Adramytion. Orontes, Satrap of Mysia (circa 357-352 BC).","1,41","11,4","6,5",Laureate head of Zeus right.,Forepart of Pegasos right.,
,M0290,13/10/2024,BIDDR - PANDORA 9,F050,GREGA,late 3rd-early 2nd BC,,TROAS,GARGARA,AE,TROAS. Gargara. Ae (Circa late 3rd - early 2nd century BC).,"0,58","7,6","8,5",Laureate head of Apollo right.,ΓAP.,
,M0291,13/10/2024,BIDDR - PANDORA 9,F050,GREGA,late 3rd-early 2nd BC,,TROAS,GARGARA,AE,TROAS. Gargara. Ae (Circa late 3rd - early 2nd century BC).,"0,62","8,2","7,5",Laureate head of Apollo right.,ΓAP.,
,M0292,13/10/2024,BIDDR - PANDORA 9,F050,GREGA,late 3rd-early 2nd BC,,TROAS,GARGARA,AE,TROAS. Gargara. Ae (Circa late 3rd - early 2nd century BC).,"0,71",8,"10,5",Laureate head of Apollo right.,ΓAP.,
,M0293,13/10/2024,BIDDR - PANDORA 9,F050,GREGA,late 3rd-early 2nd BC,,TROAS,GARGARA,AE,TROAS. Gargara. Ae (Circa late 3rd - early 2nd century BC).,"0,64","8,2","6,5",Laureate head of Apollo right.,ΓAP.,
,M0294,13/10/2024,BIDDR - PANDORA 9,F050,GREGA,4th-3rd cent BC,,TROAS,SKEPSIS,AE,TROAS. Skepsis. Ae (4th-3rd centuries BC). Obv: Rhyton with forepart of Pegasos right. Rev: Fir tree within linear square border.,"0,54","7,6","6,5",Rhyton with forepart of Pegasos right,Fir tree within linear square border.,
,M0295,13/10/2024,BIDDR - PANDORA 9,F050,GREGA,4th-3rd cent BC,,TROAS,SKEPSIS,AE,TROAS. Skepsis. Ae (4th-3rd centuries BC). Obv: Rhyton with forepart of Pegasos right. Rev: Fir tree within linear square border.,"0,73","8,8","9,5",Rhyton with forepart of Pegasos right,Fir tree within linear square border.,
,M0296,28/10/2024,BIDDR - NUMMITRA 37,F051,GREGA,,,PHOENICIA,ARADOS,AE,"Arados, Phoenicia ?. Bronze coins. Obverse: turreted bust of Tyche righ. Reverse: prow of war galley left","4,68",17,7,,,
,M0297,28/10/2024,BIDDR - NUMMITRA 37,F051,IMPERI ROMÀ,69,DOMITIAN,SELEUCIS & PIERIA,ANTIOQUIA,AE,Domitian . Antioch. Bronze. Obverse: Laureate bust. Reverse: SC,8,22,12,,,
,M0298,31/12/2024,BIDDR - OLYMPUS 18,F052,IMPERI ROMÀ,79,TITUS,CAPPADOCIA,CAESAREA,HEMIDRACMA,CAPPADOCIA. Caesarea. Titus (79-81 AD).,"1,4","13,3",31,Obv: AYTOKPATWP TITOC KAICAP CEBA. Laureate head right.,Rev: Nike advancing right with palm and wreath.,podria ser vespasian
,M0299,2/1/2025,BIDDR - DEMOS 41,F053,GALATIAN KINGDOMS,62-40 BC,DEIOTAROS,GALATIA,,AE,"Kings of Galatia, Deiotaros Æ. Circa 62-40 BC. Laureate head of Zeus to right / Eagle standing to left, head to right, on thunderbolt; monogram to left.","6,84",21,24,Laureate head of Zeus to right,"Eagle standing to left, head to right, on thunderbolt; monogram to left.",
,M0300,7/1/2025,BIDDR - NUMMITRA 44,F054,IMPERI ROMÀ,125-128,HADRIAN,LACI,ROME,AE SEMIS,Hadrian (117-138) bronze coin.,"3,03",18,"11,8","HADRIANVS AVGVSTVS, laureate bust of Hadrian right","COS III / SC, lyre",
,M0301,7/1/2025,BIDDR - NUMMITRA 46,F055,IMPERI ROMÀ,249-251,TRAJAN DECIUS,LACI,ROME,ANTONINIANO,Trajan Decius (249-251) Antoninianus. Obv: Bust of emperor. Rev: Emperor on horseback,"3,63",22,,IMP C M Q TRAIANVS DECIVS AVG,"ADVENTVS AVG.Trajan Decius, in military attire, on horse prancing left, raising right hand and holding short sceptre in left hand.",
,M0302,7/1/2025,BIDDR - NUMMITRA 46,F055,IMPERI ROMÀ,248,PHILIPPUS I THE ARAB,LACI,ROME,ANTONINIANO,"Philip I The Arab (244-249) Antoninianus Obv: Bust of emperor. Rev: SAECVLARES AVGG, stag standing righ","3,94",20,,IMP PHILIPPVS AVG,SAECVLARES AVGG. Stag standing right,
,M0303,7/1/2025,BIDDR - NUMMITRA 46,F055,IMPERI ROMÀ,145-147,ANTONINUS PIUS,LACI,ROME,DENARI,"Antoninus Pius (138-161) denarius. Obv: Bust of emperor. Rev: AVG PIVS P M TR P COS II P P, clasped hands holding caduceus and grain ears.","2,97",18,,"ANTONINVS AVG PIVS PP, laureate head right","COS IIII, clasped right hands holding caduceus between two grain ears",
,M0304,7/1/2025,BIDDR - NUMMITRA 46,F055,IMPERI ROMÀ,177-192,COMMODUS,LACI,ROME,DENARI,"Commodus (180-192) Denarius. Obv: Bust of emperor. Rev: Libertas standing facing, head left, holding pileus and scepter.","3,11",17,,[M CO]MM ANT P F[EL] AVG BRIT P P.,LIB AVG P M TR P XV COS VI.,
,M0305,7/1/2025,BIDDR - NUMMITRA 46,F055,IMPERI ROMÀ,138-161,ANTONINUS PIUS,LACI,ROME,DENARI,"Antoninus Pius (138-161) denarius. Obv: Bust of emperor. Rev: Pax standing left, holding branch in one hand and scepter in the other.","3,45",17,,[IMP] CAES T AEL HADR ANTONINVS AVG PIVS P P.,TR POT XIIII - COS IIII// PAX,
,M0306,7/1/2025,BIDDR - NUMMITRA 46,F055,IMPERI ROMÀ,27BC-14AC,AUGUSTUS,LACI,,DENARI,"Avgustus (27 BC – 14) Denarius Forgery. Obv: Bust of emperor. Rev: Gaius and Lucius Caesars, standing facing, each holding a spear and a shield between them, above, simpulum and lituus left","2,7",17,,,,
,M0307,7/1/2025,BIDDR - NUMMITRA 46,F055,REPUBLICA ROMANA,90BC,,LACI,ROME,DENARI,"Roman Republic: Q. Titius (90 BC) Denarius Obv: Obv: Head of Bacchus right, wreathed in ivy Rev: Pegasos flying right, Q•TITI on tablet below","3,93",18,,Head of Bacchus / Liber ?,Pegasos flying right [Q] TITI,
,M0308,7/1/2025,BIDDR - NUMMITRA 46,F055,IMPERI ROMÀ,276-282,PROBUS,LACI,ROME,ANTONINIANO,"Probus (276 - 282). Billon antoninianus. Obv.: PROBVS PF AVG Rev: VICTORIA AVG Victory, winged, draped, walking left, holding wreath in right hand and trophy in left hand","4,13",22,,PROBVS PF AVG,"VICTORIA AVG Victory, winged, draped, walking left, holding wreath in right hand and trophy in left hand",
,M0309,7/1/2025,BIDDR - NUMMITRA 46,F055,IMPERI ROMÀ,,PROBUS,LACI,ROME,ANTONINIANO,Probus (276 - 282). Billon antoninianus. Obv.: IMP C M AVR PROBVS PF AVG / Radiate bust right Rev: CONCORDIA MILIT Probus and Concordia facing the each other and clasping hands,"3,59",22,,IMP C M AVR PROBVS PF AVG,CONCORD MILIT Probus and Concordia facing the each other and clasping hands,
,M0310,13/1/2025,BIDDR - DEMETER 32,F056,IMPERI ROMÀ,218,ELAGABALUS,SELEUCIS & PIERIA,ANTIOQUIA,AE,SELEUCIS and PIERIA. Antioch. Elagabalus (AD 218-222),"2,66",20,,,,
,M0311,13/1/2025,BIDDR - CONCORDIA 23,F057,IMPERI ROMÀ,177-192,COMMODUS,LACI,ROME,DENARI,"Commodus, AD 177-192. AR, Denarius. 3.14 g. 17.39 mm. Rome.","3,14","17,39",,"L AEL AVREL COMM AVG P FEL. Head of Commodus, laureate, right.","P M TR P XVII IMP VIII COS VII P P. Fortuna standing facing, head turned to left, placing her right foot on prow, holding caduceus in her right hand and cornucopia in her left; star under her extended hand.",
,M0312,13/1/2025,BIDDR - CONCORDIA 23,F057,IMPERI ROMÀ,65,NERO,LYDIA,MAEONIA,AE,"Lydia, Maeonia. Nero, c. AD 65. AE. 4.37 g. 18.14 mm. Tiberius Claudius Menekrates, magistrate.","4,37","18,14",,"NΕΡΩΝ ΚΑΙΣΑΡ. Laureate head of Nero, right.","ΜΑΙΟΝΩΝ ΜΕΝΕΚΡΑΤΟΥΣ, ΕΠ ΤΙ ΚΛ (in field). Veiled goddess standing, right, holding sceptre.",
,M0313,13/1/2025,BIDDR - CONCORDIA 23,F057,IMPERI ROMÀ,82?,DOMITIAN,PHOENICIA,SIDON,AE,"Phoenicia, Sidon. Pseudo-autonomous, time of Domitian. AE. 3.14 g. 15.31 mm.","3,14","15,31",,"Veiled head of Tyche, right; before, aphlaston.","ΣΙΔΩΝΟΣ ΘΕΑΣ, […]. Galley, left.",
,M0314,13/1/2025,BIDDR - CONCORDIA 23,F057,IMPERI ROMÀ,218,ELAGABALUS,SYRIA,ANTIOQUIA,TETRADRACMA,"Syria, Antioch. Elagabalus, AD 218-222. AR, Tetradrachm. 12.52 g. 24.90 mm.","12,52","24,9",,"ΑΥΤ Κ Μ Α ΑΝΤωΝΕΙΝΟϹ ϹΕΒ. Laureate head of Elagabalus, right, with drapery.","ΔΗΜΑΡΧ ΕΞ ΥΠΑΤΟϹ ΤΟ […]. Eagle facing, head left, holding wreath in beak and spreading wings; star between legs.",
,M0315,14/1/2025,BIDDR - APHRODITE G5,F058,GREGA,1st cent BC,,PISIDIA,KOMAMA,AE,"Pisidia, Komama, c. 1st century BC. Æ (14mm, 2.81g). Laureate head of Zeus r. R/ Boar standing l. SNG Arikantürk 328ff. Near VF","2,81",14,,Laureate head of Zeus r.,Boar standing l.,
,M0316,14/1/2025,BIDDR - APHRODITE G5,F058,GREGA,4th cent BC,,TROAS,KEBREN,AE,"Troas, Kebren, c. 4th century BC. Æ (8mm, 0.70g). Head of satrap l., wearing tiara. R/ KE monogram. SNG Copenhagen 261; SNG von Aulock 1547. VF","0,7",8,,"Head of satrap l., wearing tiara",KE monogram.,
,M0317,14/1/2025,BIDDR - APHRODITE G5,F058,GREGA,340-300 BC,,AEOLIS,ELAIA,AE,"Aeolis, Elaia, c. 340-300 BC. Æ (10.5mm, 1.45g). Helmeted head of Athena l. R/ EΛA within wreath. SNG Copenhagen -; SNG von Aulock -; BMC -. Near VF","1,45","10,5",,Helmeted head of Athena l,EΛA within wreath,
,M0318,15/1/2025,BIDDR - NUMISMAD 20,F059,SELEUKID KINGDOM,160BC,DEMETRIUS 1 SOTER,SYRIA,ANTIOQUIA,DRACMA,"Seleucid Kingdom in Syria, Demetrius I Soter (162-150 BC), AR drachm (16mm, 4,06g) Antiochia, dated Seleucid Era 162=151/0 BC.","4,06",16,,"Diademed head of Demetrius I right, with fleshy features and long hair on back of neck, diadem ends falling straight behind, bead-and-reel border.","BAΣIΛEΩΣ - ΔHMHT[PIOY] - [ΣΩTH]P[OΣ], cornucopia, ΠΑ and HP monograms above BΞP (date) below.",
,M0319,15/1/2025,BIDDR - NUMISMAD 20,F059,IMPERI ROMÀ,177-192,COMMODUS,CAPPADOCIA,CAESAREA,DRACMA,"Cappadocia, Caesarea AR Drachm (20mm, 4,13g) Commodus (177-192) Dated 181-182.","4,13",20,,"AVT M AVΡ KOMO ANTWNINO C, laureate head right.","YΠATOC Γ ΠAT ΠATPI, Mount Argaeus surmounted by star.",
,M0320,15/1/2025,BIDDR - NUMISMAD 20,F059,GREGA,210-30 BC,,CARIA,MYLASA,AE,"Caria, Mylasa AE Bronze (13mm, 1,22g) 210-30 BC.","1,22",13,,"Horse standing right, leg raised","MY, Ornate trident head.",
,M0321,15/1/2025,BIDDR - NUMISMAD 20,F059,GREGA,390-325 BC,,IONIA,EPHESOS,DIOBOL,"Ionia, Ephesos. AR Diobol (10mm, 0,95g) ca 390-325 BC.","0,95",10,,E - Φ. Bee.,EΦ. Confronted heads of stags.,
,M0322,15/1/2025,BIDDR - NUMISMAD 20,F059,GREGA,4th-3rd cent BC,,IONIA,EPHESOS,AE,"Ionia, Ephesos AE (10mm, 0,85g) ca 4th - 3rd cent. BC, Uncertain magistrate.","0,85",10,,Bee; Ε-Φ flanking,"Stag kneeling to left, head to right, astragalos above; unreaserched magistrate to left.",
,M0323,15/1/2025,BIDDR - NUMISMAD 20,F059,IMPERI ROMÀ,54-68,NERO,CAPPADOCIA,CAESAREA,HEMIDRACMA,"Cappadocia, Caesaraea-Eusebia AR Hemidrachm (16mm, 1,76g) Nero (54-68)","1,76",16,,"NERO CLAVD DIVI CLAVD•F•CAESAR AVG GERMANI, Laureate head of Nero to right.","Victory standing right, her right foot set on globe and inscribing shield set on her knee.",
,M0324,15/1/2025,BIDDR - NUMISMAD 20,F059,IMPERI ROMÀ,138-161,ANTONINUS PIUS,LYCAONIA,ICONIUM,AE,"Lycaonia, Iconium AE (19mm, 8,00g) Antoninus Pius (138-161).",8,19,,"ANTONINVS AVG PIVS. Laureate-headed bust of Antoninus Pius wearing cuirass and paludamentum, r.","COL ICO. Head of Minerva/Athena with traces of drapery, r.",
,M0325,15/1/2025,BIDDR - NUMISMAD 20,F059,GREGA,,,CARIA,MYLASA,OBOL,"uncertain AR obol (7mm, 0,24g)","0,24",7,,,,
,M0326,15/1/2025,BIDDR - NUMISMAD 20,F059,GREGA,,,CARIA,MYLASA,HEMIOBOL,"uncertain AR Hemiobol (6mm, 0,24g)","0,24",6,,,,
,M0327,15/1/2025,BIDDR - NUMISMAD 20,F059,IMPERI ROMÀ,,,SELEUCIS & PIERIA,EMESSA,AE,"uncertain AE (24mm, 10,04g)","10,04",24,,,,
,M0328,15/1/2025,BIDDR - DEMOS 43,F060,GREGA,205-100 BC,,PAMPHYLIA,SIDE,DRACMA,"Pamphylia, Side AR Drachm. Circa 205-100 BC.","3,35",17,,"Head of Athena right, wearing crested Corinthian helmet",Nike advancing left.,
,M0329,15/1/2025,BIDDR - DEMOS 43,F060,KINGS OF CAPPADOCIA,52-42 BC,ARIOBARZANES III EUSEBES PHILOROMAIOS,CAPPADOCIA,CAESAREA,DRACMA,"Cappadocia, Ariobarzanes III Eusebes Philoromaios AR Drachm. 52-42 BC.","3,85",15,,Diademed head of Ariobarzanes right,"ΒΑΣΙΛΕΩΣ ΑΡΙΟΒΑΡΖΑΝΟΥ ΕΥΣΕΒΟΥΣ ΚΑΙ ΦΙΛΟΡΩΜΑΙΟΥ, Athena standing left; star and crescent to inner left, monogram to inner right.",
,M0330,15/1/2025,BIDDR - DEMOS 43,F060,GREGA,202-150 BC,,IONIA,EPHESOS,DRACMA,"IONIA, Ephesos. Circa 202-150 BC. AR Drachm.","2,9",14,,"Uncertain magistrate. E-Φ, bee","Stag standing right, palm behind.",
,M0331,15/1/2025,BIDDR - DEMOS 43,F060,IMPERI ROMÀ,40-60,,MYSIA,PERGAMON,AE,Mysia. Pergamon. Pseudo-autonomous issue AD 40-60.,"4,11",15,,ΘЄΟΝ CYNKΛHΤON - Youthful draped bust of the Roman Senate right.,ΘЄAΝ PΩMHN - Turreted and draped bust of Roma right.,
,M0332,3/2/2025,BIDDR - HERA 4,F061,IMPERI ROMÀ,85-65 BC,MITHRADATES VI EUPATOR,PONTOS,AMISOS,AE,"PONTOS. Time of Mithradates VI Eupator.(85-65 BC).Amisos.Ae. Obv : Head of Perseus right, wearing Persian tiara. Rev : ΑΜΙΣΟΥ. Pegasos grazing left on ground line, two monograms below. SNG BM Black Sea 1215. Very Fine.","13,66","22,99",,"Head of Perseus right, wearing Persian tiara.","ΑΜΙΣΟΥ. Pegasos grazing left on ground line, two monograms below.",
,M0333,3/2/2025,BIDDR - HERA 4,F061,IMPERI ROMÀ,,SEPTIMUS SEVERUS,LACI,ROME,DENARI,"Septimius Severus...Denarius Obverse legend: SEVERVS - PIVS AVG. Obverse description: Laureate head of Septimius Severus facing right Obverse translation: 'Severus Pius Augustus', (Severus Pius Augustus). Reverse legend: RESTITVTOR - VRBIS. Reverse description: Rome seated left, holding the palladium in her right hand and a scepter in her left; behind her, a shield. Reverse translation: 'Restitutor Urbis', (The restorer of the City). Comments: The reverse recalls that Severus is the Restorer of Rome, after having been that of the World, and alludes to the project of reconstruction of Rome undertaken by Septimius Severus in 202.","3,15","19,46",,SEVERVS - PIVS AVG,,
,M0334,3/2/2025,BIDDR - HERA 4,F061,IMPERI ROMÀ,,SEPTIMUS SEVERUS,LACI,,DENARI,Roman imperial Denarius SEPTIMIUS SEVERUS.(193-211).,"2,99","16,03",,,,
,M0335,3/2/2025,BIDDR - HERA 4,F061,IMPERI ROMÀ,,SEPTIMUS SEVERUS,LACI,,DENARI,Roman imperial Denarius SEPTIMIUS SEVERUS.(193-211).,"2,6","16,29",,,,
,M0336,3/2/2025,BIDDR - HERA 4,F061,IMPERI ROMÀ,,CARACALLA,LACI,,DENARI,"Roman Imperial Caracalla (198-217 AD). Rome AR Denarius Obv: ANTONINVS PIVS AVG. Laureate and draped bust of Caracalla to right, seen from behind. Rev: INDVLGENTIA AVGG / IN CARTH. Dea Caelestis, holding thunderbolt in her right hand and scepter in her left, seated facing on lion leaping to right; to left, rock from which water flows. BMC 280; Cohen 97; RIC 130a","3,89","19,24",,,,
,M0337,3/2/2025,BIDDR - HERA 4,F061,IMPERI ROMÀ,,VALERIANUS,COMMAGENE,Samosata,ANTONINIANO,"VALERIAN I (253-260). Antoninianus. Samosata. Obv: IMP C P LIC VALERIANVS P F AVG. Radiate, draped and cuirassed bust right. Rev: RESTITVT ORIENTIS. Turreted female figure (the Oriens) standing left, presenting wreath to emperor standing right and holding spear. MIR 1685.","3,82","22,29",,,,
,M0338,3/2/2025,BIDDR - HERA 4,F061,IMPERI ROMÀ,,GALLIENUS,LACI,,ANTONINIANO,GALLIENUS.(253-268).,"3,53","19,85",,,,
,M0339,5/2/2025,BIDDR - SPQR 5,F062,KINGS OF BYTHINIA,182-149BC,PRUSIAS II,BITHYNIA,,AE,KINGS of BITHYNIA.Prusias II. (Circa 182-149 BC). AE. SNG Copenhagen 635. Condition: Good very fine,"6,06","22,16",,Wreathed head of Dionysos right.,"BAΣIΛEΩΣ ΠΡΟYΣIOY. The centaur Chiron standing right, playing lyre; monogram below foreleg.",
,M0340,5/2/2025,BIDDR - SPQR 5,F062,,310-282BC,,MYSIA,PERGAMON,AE,MYSIA. Pergamon. (Circa 310-282 BC). AR. Diobol. SNG Paris 1559-66. SNG von Aulock 1349-50 Condition: Good very fine,"1,46","10,76",,"Head of Herakles to right, wearing lion's skin headdress","ΠEΡΓAMH Archaistic Palladion: statue of Pallas Athena standing facing, holding spear in right hand, shield on left arm",
,M0341,5/2/2025,BIDDR - SPQR 5,F062,IMPERI ROMÀ,,GORDIANO III,LACI,ROMA,ANTONINIANO,,,,,,,
,M0342,5/2/2025,BIDDR - SPQR 5,F062,IMPERI ROMÀ,,GORDIANO III,LACI,ROMA,ANTONINIANO,,,,,,,
,M0343,5/2/2025,BIDDR - SPQR 5,F062,IMPERI ROMÀ,,GORDIANO III,LACI,ROMA,ANTONINIANO,,,,,,,
,M0344,5/2/2025,BIDDR - SPQR 5,F062,IMPERI ROMÀ,,GORDIANO III,LACI,ROMA,ANTONINIANO,,,,,,,
,M0345,5/2/2025,BIDDR - SPQR 5,F062,IMPERI ROMÀ,,GORDIANO III,LACI,ROMA,ANTONINIANO,,,,,,,
,M0346,5/2/2025,BIDDR - SPQR 5,F062,IMPERI ROMÀ,,GORDIANO III,LACI,ROMA,ANTONINIANO,,,,,,,
,M0347,5/2/2025,BIDDR - SPQR 5,F062,IMPERI ROMÀ,,GORDIANO III,LACI,ROMA,ANTONINIANO,,,,,,,
,M0348,5/2/2025,BIDDR - SPQR 5,F062,IMPERI ROMÀ,,GORDIANO III,LACI,ROMA,ANTONINIANO,,,,,,,
,M0349,5/2/2025,BIDDR - SPQR 5,F062,IMPERI ROMÀ,,GORDIANO III,LACI,ROMA,ANTONINIANO,,,,,,,
,M0350,5/2/2025,BIDDR - SPQR 5,F062,IMPERI ROMÀ,,GORDIANO III,LACI,ROMA,ANTONINIANO,,,,,,,
,M0351,5/2/2025,BIDDR - SPQR 5,F062,IMPERI ROMÀ,,GORDIANO III,LACI,ROMA,ANTONINIANO,,,,,,,
,M0352,5/2/2025,BIDDR - SPQR 5,F062,IMPERI ROMÀ,,GORDIANO III,LACI,ROMA,ANTONINIANO,,,,,,,
,M0353,5/2/2025,BIDDR - SPQR 5,F062,IMPERI ROMÀ,,GORDIANO III,LACI,ROMA,ANTONINIANO,,,,,,,
,M0354,5/2/2025,BIDDR - SPQR 5,F062,IMPERI ROMÀ,,GORDIANO III,LACI,ROMA,ANTONINIANO,,,,,,,
,M0355,5/2/2025,BIDDR - SPQR 5,F062,IMPERI ROMÀ,,GORDIANO III,LACI,ROMA,ANTONINIANO,,,,,,,
,M0356,5/2/2025,BIDDR - SPQR 5,F062,IMPERI ROMÀ,,GORDIANO III,LACI,ROMA,ANTONINIANO,,,,,,,
,M0357,10/2/2025,BIDDR - SAVOCA BLUE 253,F063,GREGA,290-280BC,,IONIA,MILETOS,AE,Ionia. Miletos circa 290-280 BC.,"4,19",18,,Apollo,Lion. [NIKH]RAT[O],
,M0358,10/2/2025,BIDDR - SAVOCA BLUE 253,F063,GREGA,170-50BC,,IONIA,SMYRNA,AE,Ionia. Smyrna circa 170-50 BC.,"3,59",16,,Tyche,"4566 o 4565, Aphrodite Stratonikis + nike",
,M0359,10/2/2025,BIDDR - SAVOCA BLUE 253,F063,GREGA,210-190BC,,IONIA,TEOS,AE,Ionia. Teos circa 210-190 BC.,"2,02",12,,Griffin,,
,M0360,10/2/2025,BIDDR - SAVOCA BLUE 253,F063,KUSHAN EMPIRE,80-100,SOTER MEGAS,,,TETRADRACMA,Kushan Empire. Vima Takto (Soter Megas) AD 80-100.,"7,3",20,,,,
,M0361,10/2/2025,BIDDR - SAVOCA BLUE 253,F063,GUPTA EMPIRE,100-200,,INDIA,,DRACMA,India. Gupta Empire circa AD 100-200.,"2,15",15,,,,
,M0362,10/2/2025,BIDDR - DEMETER 36,F064,IMPERI ROMA,222,SEVERUS ALEXANDER,LACI,ROMA,DENARI,Severus Alexander (AD 222-235). Rome,"2,43",19,,IMP SEV ALEXAND AVG. Laureate head of Severus Alexander to right.,"P M TR P VII COS II P P. Mars standing front, head to right, holding inverted spear in his right hand and placing his left on shield set on the ground.",
,M0363,10/2/2025,BIDDR - DEMETER 36,F064,IMPERI ROMA,238,GORDIANO III,LACI,ROMA,ANTONINIANO,Gordian III (238-244 AD). Rome,"4,47",22,,"IMP CAES M ANT GORDIANVS AVG. Radiate, draped, and cuirassed bust of Gordian right","CONCORDIA MILIT. Concordia seated left on throne, holding patera and double cornucopia.",
,M0364,14/2/2025,BIDDR - NUMMITRA 52,F065,IMPERI ROMA,244,PHILIPPUS I THE ARAB,SYRIA,ANTIOQUIA,AE,Philip I The Arab (244-249) Syria: Antioch Bronze. Obverse: Bust of emperor. Reverse: Bust of Tyche,"12,93",28,,Bust of emperor.,Bust of Tyche,
,M0365,14/2/2025,BIDDR - NUMMITRA 52,F065,IMPERI ROMA,54,NERO,SYRIA,ANTIOQUIA,AE,Nero (54-68) Syria: Antioch. Obverse: Bust of emperor. Reverse: Large S C,"12,68",26,,Bust of emperor.,SC,
,M0366,14/2/2025,BIDDR - NUMMITRA 52,F065,IMPERI ROMA,138,ANTONINUS PIUS,SYRIA,ANTIOQUIA,AE,Antoninus Pius (138-161)) Syria: Antioch. Obverse: Bust of emperor. Reverse: Large S C,"11,83",24,,Bust of emperor.,SC,
,M0367,17/2/2025,BIDDR - ARTEMIDE 36,F066,IMPERI ROMA,238,GORDIANO III,LACI,ROMA,ANTONINIANO,"Gordian III (238-244). AR Antoninianus, 238-239. Obv. IMP GORDIANVS PIVS FEL AVG. Radiate, draped and cuirassed bust right. Rev. PROVIDENTIA AVG. Providentia standing left; holding wand over globe and sceptre. RIC IV 150. AR. 3.97 g. 23 mm. EF/Good VF.","3,97",23,,"IMP GORDIANVS PIVS FEL AVG. Radiate, draped and cuirassed bust right. ",PROVIDENTIA AVG. Providentia standing left; holding wand over globe and sceptre.,
,M0368,17/2/2025,BIDDR - Pandora 14,F067,GREGA,350-300 BC,,TROAS,BIRYTIS,AE,TROAS.Birytis.(Circa 350-300 BC).Ae.,"1,27","11,2",,"Bearded head of Kabeiros left, wearing pilos.",B-I P-Y.Club within wreath,
,M0369,17/2/2025,BIDDR - Pandora 14,F067,GREGA,350-300 BC,,TROAS,BIRYTIS,AE,TROAS.Birytis.(Circa 350-300 BC).Ae.,"1,2","11,4",,"Bearded head of Kabeiros left, wearing pilos.",B-I P-Y.Club within wreath,
,M0370,17/2/2025,BIDDR - Pandora 14,F067,GREGA,420-412 BC,,TROAS,KEBREN,AE,TROAS. Kebren. Ae (Circa 420-412 BC).,"1,08",10,,"Confronted heads of two rams, with downward facing palmette between them.",KE monogram,
,M0371,17/2/2025,BIDDR - Pandora 14,F067,GREGA,310-282 BC,,MYSIA,PERGAMON,DIOBOL,MYSIA. Pergamon. (Circa 310-282 BC). Diobol.AR,"1,23","10,4",,"Head of Herakles right, wearing lion skin.","ΠΕΡΓΑMH. Archaistic Palladion: facing statue of Pallas Athena, with spear and shield.",
,M0372,17/2/2025,BIDDR - Pandora 14,F067,GREGA,310-282 BC,,MYSIA,PERGAMON,DIOBOL,MYSIA. Pergamon. (Circa 310-282 BC). Diobol.AR,"1,23","10,4",,"Head of Herakles right, wearing lion skin.","ΠΕΡΓΑMH. Archaistic Palladion: facing statue of Pallas Athena, with spear and shield.",
,M0373,17/2/2025,BIDDR - Pandora 14,F067,GREGA,310-284 BC,,MYSIA,PERGAMON,AE,"Greek, Mysia, Pergamon. ca. 310-284 B.C.","1,06","9,9",,"Head of Herakles right, wearing lion's skin headdress","ΠEP, Helmeted head of Athena right.",
,M0374,17/2/2025,BIDDR - Pandora 14,F067,GREGA,310-284 BC,,MYSIA,PERGAMON,AE,"Greek, Mysia, Pergamon. ca. 310-284 B.C.","0,82","9,8",,"Head of Herakles right, wearing lion's skin headdress","ΠEP, Helmeted head of Athena right.",
,M0375,17/2/2025,BIDDR - Pandora 14,F067,GREGA,350-300 BC,,LESBOS,NASOS,AE,ISLAND off LESBOS. Nasos. Pordosilene. (Circa 350-300 BC). In the name of the Nasiotes.,"0,65","9,6",,Laureate head of Apollo to right,"Panther standing to left, NAΣI in left field",
,M0376,17/2/2025,BIDDR - Pandora 14,F067,GREGA,350-300 BC,,LESBOS,NASOS,AE,ISLAND off LESBOS. Nasos. Pordosilene. (Circa 350-300 BC). In the name of the Nasiotes.,"0,8","8,5",,Laureate head of Apollo to right,"Panther standing to left, NAΣI in left field",
,M0377,17/2/2025,BIDDR - Pandora 14,F067,GREGA,350-300 BC,,LESBOS,NASOS,AE,ISLAND off LESBOS. Nasos. Pordosilene. (Circa 350-300 BC). In the name of the Nasiotes.,"0,81","8,3",,Laureate head of Apollo to right,"Panther standing to left, NAΣI in left field",
,M0378,17/2/2025,BIDDR - Pandora 14,F067,GREGA,440-400 BC,,LESBOS,MYTILENE,AE,"Lesbos, Mytilene. Ca. 440-400 B.C. AE .","0,55","8,1",,Laureate head of Apollo right,"MY / TI, bull's head right.",
,M0379,17/2/2025,BIDDR - Pandora 14,F067,GREGA,4th cent BC,,TROAS,LAMPONEIA,HEMIDRACMA,"Troas, Lamponeia AR Hemidrachm. 4th century BC.","0,18","5,8",,Bearded head of Dionysos right,"ΛAM, facing head of bull within shallow incuse square. BMC 12.",
,M0380,17/2/2025,BIDDR - Pandora 14,F067,GREGA,300-350 BC,,MYSIA,KYZIKOS,AE,Greek Coins. 4th - 3rd century B.C. AE,"0,83","9,5",,Laureate head of Apollo left,"KY-Z (like H) I, amphora, below, tunny right.",
,M0381,17/2/2025,BIDDR - Pandora 14,F067,GREGA,450-387 BC,,TROAS,TENEDOS,OBOL,"Islands off Troas, Tenedos AR Obol ca 450-387 BC.","0,43","8,2",,"Janiform head of Hera, on left, and Zeus, on right.","ΤΕ Double ax within linear frame, all within shallow incuse square.",
,M0382,14/2/2025,BIDDR - NUMMITRA 52,F065,PTOLEMAIC KINGS,3th-1st BC,,EGIPTE,ALEXANDRIA,AE,Ptolemaic Kings Of Egypt. (3-1 century BC). Bronze. Obverse: Head of Zeus. Reverse: Eagle on Thunderbolt,"5,44",19,,Obverse: Head of Zeus,Eagle on Thunderbolt,
,M0383,10/3/2025,BIDDR - Concordia 25,,GREGA,250-190 BC,,AEOLIS,KYME,AE,,,,,,,
,M0384,10/3/2025,BIDDR - Concordia 25,,GREGA,350-250 BC,,AEOLIS,KYME,AE,,,,,,,
,M0385,10/3/2025,BIDDR - Concordia 25,,GREGA,6th-5th cent BC,,AEOLIS,KYME,TETARTEMORION,,,,,,,
,M0386,10/3/2025,BIDDR - Concordia 25,,GREGA,510-480 BC,,CARIA,KYNDIA,TETROBOL,,,,,,,
,M0387,10/3/2025,BIDDR - Concordia 25,,GREGA,550-500 BC,,IONIA,EPHESOS,HEMIOBOL,,,,,,,
,M0388,10/3/2025,BIDDR - Concordia 25,,GREGA,4th cent BC,,IONIA,KLAZOMENAI,AE,,,,,,,
,M0389,10/3/2025,BIDDR - Concordia 25,,GREGA,330-285 BC,,IONIA,KOLOPHON,AE,,,,,,,
,M0390,10/3/2025,BIDDR - Concordia 25,,GREGA,389-350 BC,,IONIA,KOLOPHON,AE,,,,,,,
,M0391,10/3/2025,BIDDR - Concordia 25,,SELEUKID KINGDOM,223-187 BC,ANTIOCHOS III,LYDIA,SARDES,AE,,,,,,,
,M0392,10/3/2025,BIDDR - Concordia 25,,GREGA,515-493 BC,,THRACE,CHERSONESOS,HEMIOBOL,,,,,,,
,M0393,10/3/2025,BIDDR - Concordia 25,,GREGA,225-199 BC,,THRACE,LYSIMACHEIA,AE,,,,,,,
,M0394,10/3/2025,BIDDR - Concordia 25,,GREGA,1st cent BC,,THRACE,MARONEIA,AE,,,,,,,
,M0395,10/3/2025,BIDDR - Concordia 25,,GREGA,412-404 BC,,THRACE,THASOS,OBOL,,,,,,,
,M0396,25/2/2025,BIDDR - Nimrod 10,,GREGA,400-340 BC,,CARIA,KASOLABA,OBOL,"CARIA. Circa 400-340 BC. AR 6,5mm, 0,37g","0,37","6,5",,,,
,M0397,25/2/2025,BIDDR - Nimrod 10,,GREGA,375-325 BC,,IONIA,EPHESOS,AE,"IONIA, Ephesos. Circa 375-325 BC. Æ 11mm, 1,72g","1,72",11,,,,
,M0398,25/2/2025,BIDDR - Nimrod 10,,GREGA,375-325 BC,,IONIA,EPHESOS,AE,"IONIA, Ephesos. Circa 375-325 BC. Æ 10mm, 1,34g","1,34",10,,,,
,M0399,25/2/2025,BIDDR - Nimrod 10,,GREGA,250-210 BC,,LYDIA,PHASELIS,AE,"LYDIA, Phaselis. Circa 250-221/0 BC. Æ 10mm, 1,22g","1,22",10,,,,
,M0400,25/2/2025,BIDDR - Nimrod 10,,IMPERI ROMÀ,54,NERO,SELEUCIS & PIERIA,ANTIOQUIA,AE,"SYRIA, Seleucis and Pieria. Antioch. Pseudo-autonomous issue, time of Nero, 54-68 AD. Æ 16mm, 4,00g",4,16,,,,
,M0401,25/2/2025,BIDDR - Nimrod 10,,GREGA,386-338 BC,,THRACE,CHERSONESOS,OBOL,"THRACE, Chersonesos. Circa 386-338 BC. AR 10mm, 1,26g","1,26",10,,,,
,M0402,25/2/2025,BIDDR - Nimrod 10,,GREGA,387-310 BC,,TROAS,KEBREN,AE,"TROAS, Kebren. Circa 387-310 BC. Æ 9mm, 0,97g","0,97",9,,,,
,M0403,25/2/2025,BIDDR - Nimrod 10,,GREGA,4th cent BC,,TROAS,NEANDRIA,OBOL,"TROAS, Neandria. 4th century BC. AR 8,5mm, 0,52g","0,52","8,5",,,,
,M0404,25/2/2025,BIDDR - Nimrod 10,,GREGA,4th cent BC,,TROAS,NEANDRIA,OBOL,"TROAS, Neandria. 4th century BC. AR 8,5mm, 0,50g","0,5","8,5",,,,
,M0405,,BIDDR - Demos 45,,ACHEMEID EMPIRE,5th cent BC,,LYDIA,SARDES,,,,,,,,
,M0406,,BIDDR - Pandora 15,,,,,,,,,,,,,,
,M0407,29/3/2025,BIDDR - Concordia 27,,GREGA,,,THRACE,CHERSONESOS,AE,,,,,,,
,M0408,29/3/2025,BIDDR - Concordia 27,,IMPERI ROMÀ,,,THRACE,PHILLIPPOLIS,AE,,,,,,,
,M0409,29/3/2025,BIDDR - Concordia 27,,IMPERI ROMÀ,,NERO,THRACE,SESTUS,,,,,,,,
,M0410,29/3/2025,BIDDR - Concordia 27,,IMPERI ROMÀ,,AUGUSTUS / RHOEMETALKES I,THRACE,,,,,,,,,
,M0411,29/3/2025,BIDDR - Concordia 27,,GREGA,,,LYDIA,APOLLONIS,AE,,,,,,,
,M0412,29/3/2025,BIDDR - Concordia 27,,IMPERI ROMÀ,,TRAJAN,MYSIA,GERME,AE,,,,,,,
,M0413,29/3/2025,BIDDR - Concordia 27,,IMPERI ROMÀ,,GALIENO,MYSIA,KYZIKOS,AE,,,,,,,
,M0414,29/3/2025,BIDDR - Concordia 27,,IMPERI ROMÀ,,CLAUDIUS,PHRYGIA,CADI,AE,,,,,,,
,M0415,29/3/2025,BIDDR - Concordia 27,,IMPERI ROMÀ,,AUGUSTUS / RHOEMETALKES II,,,AE,,,,,,,
,M0416,05/04/2025,BIDDR - Numismad 23,,GREGA,,,PISIDIA,ETTENA,AE,,,,,,,
,M0417,05/04/2025,BIDDR - Numismad 23,,GREGA,,,IONIA,SMYRNA,AE,,,,,,,
,M0418,12/04/2025,BIDDR - Pandora 16,,GREGA,,,PHOENICIA,ARADOS,OBOL,,,,,,,
,M0419,12/04/2025,BIDDR - Pandora 16,,GREGA,,,MYSIA,KYZIKOS,AE,,,,,,,
,M0420,12/04/2025,BIDDR - Pandora 16,,GREGA,,,MYSIA,KYZIKOS,AE,,,,,,,
,M0421,12/04/2025,BIDDR - Pandora 16,,GREGA,,,MYSIA,KYZIKOS,AE,,,,,,,
,M0422,28/7/2025,BIDDR - APHRODITE G12,,GREGA,,,MYSIA,GERME,AE,,,,,,,
,M0423,28/7/2025,BIDDR - APHRODITE G12,,GREGA,,,PISIDIA,SELGE,AE,,,,,,,
,M0424,28/7/2025,BIDDR - APHRODITE G12,,GREGA,1st cent BC,,LYCAONIA,EIKONION,AE,,,,,,,
,M0425,4/8/2025,BIDDR - RONESANS 20,,IMPERI ROMÀ,,TRAJAN,,ROME,DENARI,,,,,,,
,M0426,4/8/2025,BIDDR - RONESANS 20,,IMPERI ROMÀ,,TRAJAN,,ROME,DENARI,,,,,,,
,M0427,4/8/2025,BIDDR - RONESANS 20,,IMPERI ROMÀ,156,ANTONINUS PIUS,,ROME,SESTERCI,MARC AURELI SOTA ANTONINO PIUS,,,,TR POT XI COS II,,
,M0428,4/8/2025,BIDDR - RONESANS 20,,IMPERI ROMÀ,,ANTONINUS PIUS,,ROME,DENARI,,,,,,,
,M0429,4/8/2025,BIDDR - RONESANS 20,,IMPERI ROMÀ,,COMMODUS,,ROME,DENARI,,,,,,,
,M0430,4/8/2025,BIDDR - RONESANS 20,,IMPERI ROMÀ,,MARCUS AURELIUS,,ROME,DENARI,,,,,LVCILLAE AVG ANTONINI AVG F,,
,M0431,4/8/2025,BIDDR - RONESANS 20,,IMPERI ROMÀ,218,ELAGABALUS,,ROME,DENARI,,,,,,PONTIF MAX TR P,
,M0432,4/8/2025,BIDDR - RONESANS 20,,IMPERI ROMÀ,,SEVERUS ALEXANDER,,ROME,DENARI,,,,,,,
,M0433,4/8/2025,BIDDR - RONESANS 20,,IMPERI ROMÀ,249,PHILIPPUS I THE ARAB,,ROME,ANTONINIANO,,,,,,,
,M0434,6/8/2025,BIDDR - SOL NUMISMATIK XLIV,,KINGS OF MACEDON,336-323 BC,ALEXANDER THE GREAT,,,DRACMA,"KINGS of MACEDON. Alexander III 'the Great', 336-323 BC. Drachm (silver, 4.19 g, 17 mm). Head of Herakles right, wearing lion skin. Rev. AΛΕΞΑΝΔΡΟΥ Zeus seated left on throne, holding eagle and sceptre. Very fine.",,,,,,
,M0435,6/8/2025,BIDDR - SOL NUMISMATIK XLIV,,SELEUKID KINGDOM,175-164 BC,ANTIOCHOS IV EPIPHANES,,ANTIOQUIA,DRACMA,"SELEUKID KINGS. Antiochos IV Epiphanes, 175-164 BC. Drachm (silver, 3.31 g, 18 mm), Antioch on the Orontes. Diademed head right. Rev. BAΣΙΛΕΩΣ ANTIOXΟΥ ΘEOY EΠIΦANOYΣ Apollo, testing arrow and placing hand on grounded bow, seated left on omphalos; no control marks. SC 1403. Very fine.","3,31",,,,,
,M0436,6/8/2025,BIDDR - PANDORA 19,,IMPERI ROMÀ,138-161,ANTONINUS PIUS,,ROME,SESTERCI,Antoninus Pius. AD 138-161. AE. Sestertius. Reference: Condition: Very Fine,,,,,,
,M0437,6/8/2025,BIDDR - PANDORA 19,,IMPERI ROMÀ,141-161,ANTONINUS PIUS,,ROME,DUPONDI,"Diva Faustina I (wife of A. Pius) Æ Sestertius. Rome, AD 141-161.",,,,,,
,M0438,26/8/2025,BIDDR - DEMOS 52,,IMPERI ROMÀ,,TITUS,,ROME,DENARI,,,,,,,
,M0439,26/8/2025,BIDDR - APHRODITE COINS 35,,,,,ITALIA,SIRACUSA,,,,,,,,
,M0440,26/8/2025,BIDDR - APHRODITE COINS 35,,,,,ITALIA,SIRACUSA,,,,,,,,
,M0441,27/8/2025,BIDDR - NUMMITRA 60,,GREGA,,,FENICIA,PSIDON,OBOL,"PHOENICIA: Sidon (4th century) Ar Obol Obverse: Galley l.; legend in Phoenician, Reverse. Persian king battling lion",,,,,,
,M0442,27/8/2025,BIDDR - NUMITRA 75,,,9BC-40AD,ARETAS IV PHILOPATRIS,NABATEA,,AE,"Aretas IV Philopatris (King of the Nabataeans: 9 BC – 40 AD) Bronze coin. Obverse: Jugate busts of Aretas IV and Shugailat Reverse: Crossed cornucopiae, ""Aretas King of the Nabataeans"" in Nabatean Aramaic above and below",,,,,,
,M0443,27/8/2025,BIDDR - NUMITRA 75,,OTTOMAN  EMPIRE,,Ahmed III,CONSTANTINOPLA,,PARA,Ottoman Empire (XIV-XX century) Silver Coin. Obverse: Arabic inscription. Reverse: Arabic inscription,,,,,,
,M0444,27/8/2025,BIDDR - NUMMITRA 76,,SELEUKID KINGDOM,144-138 BC,DEMETRIUS II NIKATOR,,,AE,Demetrius II Nikator (Seleukid King: 144 – 138 BC and 129-126 BC ) Bronze coin. Obv: Diademed head of King Rev: Prow of galley,,,,,,
,M0445,27/8/2025,BIDDR - NUMMITRA 76,,SELEUKID KINGDOM,142-138BC,TRYPHON,,,AE,"Tryphon (Seleukid King: 142-138 BC). AE bronze. Obv.: Diademed bust of Tryphonos right. Rev: Macedonian helmet decorated with spike and Ibex horn, aplustre inner left field",,,,,,
,M0446,27/8/2025,BIDDR - NUMMITRA 76,,SELEUKID KINGDOM,121-96BC,ANTIOCHOS VIII EUERGETES (SIDETES),,,AE,Antiochus VIII Epiphanes (Seleukid King: 121-96 BC). AE bronze. Obv.: Radiate head of Antiochus VIII right. Rev.: Isis headdress,,,,,,
,M0447,27/8/2025,BIDDR - NUMMITRA 76,,IMPERI ROMÀ,238-244,GORDIANO III,,ROMA,ANTONINIANO,"Gordian III (238-244) Antoninianus Obv: Radiate, draped bust of emperor Rev: Standing emperor",,,,,,
,M0448,27/8/2025,BIDDR - NUMMITRA 76,,IMPERI ROMÀ,,TITUS,,ROMA,DENARI,"Vespasian (69-79) Denarius Obv: Laureate, draped bust of emperor. Rev: S C inscribed on shield supported by two capricorns, orb with crosshatching below.",,,,,,
,M0449,27/8/2025,BIDDR - NUMMITRA 76,,IMPERI ROMÀ,14-37,TIBERIUS,SYRIA,ANTIOCH,AE,Tiberius (14-37) Antioch Bronze coin. Obv: Bust of emperor. Rev: Greek inscription within a wreath.,,,,,,
,M0450,27/8/2025,BIDDR - NUMMITRA 76,,IMPERI ROMÀ,54-68,NERO,SYRIA,ANTIOCH,AE,"Nero (54-68) Antioch Syria. Bronze Obverse: head of Apollo, right Reverse: Lyre",,,,,,
,M0451,28/8/2025,BIDDR - EID MAR 19,,IMPERI ROMÀ,238-244,GORDIANO III,,ROMA,ANTONINIANO,,,,,,,
,M0452,28/8/2025,BIDDR - EID MAR 19,,IMPERI ROMÀ,238-244,GORDIANO III,,ROMA,ANTONINIANO,,,,,,,
,M0453,03/09/2025,BIDDR - ANCIENT NUMISMATICS 22,,IMPERI ROMÀ,14-17,TIBERIUS,MACEDONIA,PHILIPPI,AE,"Roman Provincial, Macedon, Philippi, Tiberius,Roman Provincial, MacedonTiberius (14-37), AE Philippi mint. Obverse: bare head rightTI AVGReverse: two founders plowing with yoke of oxen righ.Reference: SNG Copenhagen 283, SNG France 1450",,,,,,
,M0454,03/09/2025,BIDDR - ANCIENT NUMISMATICS 22,,IMPERI ROMÀ,316-337,CONSTANTINE II,,ANTIOCH,FOLLIS,"CONSTANTINE II (Caesar, 316-337). Follis. Antioch.",,,,,,
,M0455,03/09/2025,BIDDR - ANCIENT NUMISMATICS 22,,IMPERI ROMÀ,293-305,CONSTANTIUS I,,MNICOMEDIA,FOLLIS,"CONSTANTIUS I (Caesar, 293-305). Follis. Nicomedia.",,,,,,
,M0456,03/09/2025,BIDDR - ANCIENT NUMISMATICS 22,,IMPERI ROMÀ,337-361,CONSTANTIUS I,EGIPTE,ALEXANDRIA,FOLLIS,CONSTANTIUS II (337-361). Follis. Alexandria.,,,,,,
,M0457,03/09/2025,BIDDR - ANCIENT NUMISMATICS 22,,IMPERI ROMÀ,337-361,CONSTANTIUS II,,CONSTANTINOPLE,FOLLIS,CONSTANTIUS II (337-361). Follis. Constantinople.,,,,,,
,M0458,03/09/2025,BIDDR - ANCIENT NUMISMATICS 22,,IMPERI BIZANTÍ,565-578,JUSTIN II,,THESSALONICA,SEMI FOLLIS,JUSTIN II (565-578). Half Follis. Thessalonica. Dated RY 4 (AD 568/9).,,,,,,
,M0459,03/09/2025,BIDDR - OLYMPUS 24,,GREGA,133BC-14AC,,LYDIA,SARDES,AE,LYDIA. Sardes. (Circa 133 BC-AD 14),,,,,,
,M0460,03/09/2025,BIDDR - OLYMPUS 24,,IMPERI ROMÀ,69-79,VESPASIAN,LYDIA,SARDES,AE,"LYDIA. Sardes. Vespasian (AD 69-79). Titus Flavius Isigonos, strategos.",,,,,,
,M0461,03/09/2025,BIDDR - OLYMPUS 24,,IMPERI ROMÀ,138-161,ANTONINUS PIUS,COMMAGENE,ZEUGMA,AE,COMMAGENE. Zeugma. Antoninus Pius (138-161 AD),,,,,,
,M0462,03/09/2025,BIDDR - OLYMPUS 24,,GREGA,,,,,,SILVER INGOT,,,,,,
,M0463,03/09/2025,BIDDR - OLYMPUS 24,,IMPERI ROMÀ,69-79,VESPASIAN,LACI,ROME,DENARI,Vespasian (69-79 AD). Rome,,,,,,
,M0464,03/09/2025,BIDDR - OLYMPUS 24,,IMPERI ROMÀ,69-80,VESPASIAN,LACI,ROME,DENARI,Vespasian (AD 69-79). Rome,,,,,,
,M0465,03/09/2025,BIDDR - OLYMPUS 24,,IMPERI ROMÀ,254-268,,,ANTIOCH,ANTONINIANUS,"Salonina, Augusta (AD 254-268). Antioch",,,,,,
,M0466,03/09/2025,BIDDR - OLYMPUS 24,,IMPERI ROMÀ,254-268,,LACI,ROME,ANTONINIANUS,"Salonina, Augusta (AD 254-268). Roma",,,,,,
,M0467,03/09/2025,BIDDR - OLYMPUS 24,,IMPERI ROMÀ,254-268,,,SAMOSATA,ANTONINIANUS,"Salonina, Augusta (AD 254-268). Samosata",,,,,,
,M0468,,BIDDR - DEMO 53,,IMPERI ROMÀ,238-244,,LACI,ROME,ANTONINIANUS,GORDIAN III (238-244). Antoninianus.,,,,,,
,M0469,08/09/2025,BIDDR - EID MAR 20,,GREGA,,,ILLYRIA,APOLLONIA,DRACHM,"Illyria. Apollonia. circa 229-100 BC. Silver Drachm (19 mm, 3.22 g.).",,,,,,
,M0470,08/09/2025,BIDDR - EID MAR 20,,KINGS OF CAPPADOCIA,,ARIARATHES VII PHILOMETOR,CAPPADOCIA,,DRACHM,"Kings of Cappadocia. Ariarathes VII Philometor. 116-101 BC. Silver Drachm (18 mm, 4.15 g.).",,,,,,
,M0471,08/09/2025,BIDDR - PANDORA 21,,GREGA,166-150BC,,CARIA,KAUNOS,HEMIDRACHM,"CARIA, Kaunos. Circa 166-150 BC. AR Hemidrachm.",,,,,,
,M0472,08/09/2025,BIDDR - PANDORA 21,,GREGA,450-400BC,,AEOLIS,ELAIA,DIOBOL,Aeolis. Elaia circa 450-400 BC.Diobol AR,,,,,,
,M0473,18/09/2025,BIDDR - NUMISMAD 25,,SELEUKID KINGDOM,94-75BC,EPIPHANES PHILADELPHOS,,,TETRADRACHM,"Seleukid Kingdom AR Tetradrachm (15.00g, 23mm) Philip I Epiphanes Philadelphos (ca 94 -75 BC)",,,,,,
,M0474,18/09/2025,BIDDR - NUMITRA 78,,PTLOMAIC KINGS,62/1AC,PTOLEMY XII,EGIPTE,ALEXANDRIA,TETRADRACMA,Ptolemaic Kings Of Egypt. (3-1 century BC) Silver Obverse: Head of king Reverse: Eagle on Thunderbolt,,,,,"Ptolomeo XII, 80-58 AC año 20 parece ser, o sea 62/1 AC",
,M0475,18/09/2025,BIDDR - RÖNESANS 21,,SATRAPS OF CARIA,392-377 BC,,CARIA,HEKATOMNOS,OBOL,"Satraps Of Caria. Hekatomnos, Circa 392/1-377/6 BC. AR Obol (1g, 9.9mm) Milesian standard, Mylasa mint.",,,,,,
,M0476,18/09/2025,BIDDR - RÖNESANS 21,,SATRAPS OF CARIA,392-377 BC,,CARIA,HEKATOMNOS,OBOL,"Satraps Of Caria. Hekatomnos, Circa 392/1-377/6 BC. AR Obol (1g, 9.1mm) Milesian standard, Mylasa mint.",,,,,,
,M0477,18/09/2025,BIDDR - RÖNESANS 21,,GREGA,4th cent BC,,CARIA,KASOLABA,HEMIOBOL,"Caria, Kasolaba. Circa 4th century BC. AR Hemiobol (0.47g, 7.7mm)",,,,,,
,M0478,18/09/2025,BIDDR - RÖNESANS 21,,GREGA,,,CARIA,RHODOS,HEMIDRACMA,"Islands off Caria, Rhodos AR Hemidrachm (1.21g, 12mm) Unknown magistrate,",,,,,,
,M0479,18/09/2025,BIDDR - RÖNESANS 21,,GREGA,5th cent BC,,CARIA,MYLASA,HEMIOBOL,"Caria, Mylasa. Circa 5th century BC. AR Hemibol (0.47g, 7.8mm)",,,,,,
,M0480,18/09/2025,BIDDR - RÖNESANS 21,,GREGA,5th cent BC,,CARIA,MYLASA,HEMIOBOL,"Caria, Mylasa. Circa 5th century BC. AR Hemibol (0.48g, 8.4mm)",,,,,,
,M0481,23/09/2025,COINS NB,,PTLOMAIC KINGS,180-154BC,,EGIPTE,ALEXANDRIA,AE,Egypt (ancient) Ptolemaic Kingdom 203 BC - 180 BC AE - Cleopatra I (Alexandria) Bronze Alexandria Mint 16.96g VF,,,,,,
,M0482,25/09/2025,BIDDR - SAVOCA 284,,GREGA,120-63BC,MITHRADATES VI EUPATOR,PAPHLAGONIA,SINOPE,AE,Paphlagonia. Sinope. Time of Mithradates VI Eupator 120-63 BC.,,,,,,
,M0483,26/09/2025,BIDDR - SAVOCA 284,,GREGA,300-264BC,,ZEUGITANA,CARTHAGE,AE,Zeugitana. Carthage circa 300-264 BC.,,,,,,
,M0484,27/09/2025,BIDDR - SAVOCA 284,,GREGA,300-264BC,,ZEUGITANA,CARTHAGE,AE,Zeugitana. Carthage circa 300-264 BC.,,,,,,
,M0485,28/09/2025,BIDDR - SAVOCA 284,,GREGA,264-241BC,,ZEUGITANA,CARTHAGE,AE,Zeugitana. Carthage circa 264-241 BC.,,,,,,
,M0486,08/10/2025,BIDDR - REX 26,,GREGA,30-27BC,,LYCIA,MASIKYTES,HEMIDRACMA,LYCIAN LEAGUE. Masikytes. Hemidrachm (30-27 BC).,,,,,,
,M0487,09/10/2025,BIDDR - EID MAR 21,,GREGA,5th-4th BC,,THRACE,APOLLONIA PONTICA,,"Thrace. Apollonia Pontika. Late 5th-4th Century BC. Silver Drachm (12.26 mm, 3.39 g.). Facing gorgoneion with tongue protruding, serpents around. Rev. Upright anchor; A left, crayfish right. Topalov, Apollonia 45; SNG BM Black Sea 160-1. Good very fine.",,,,,,
,M0488,,BIDDR - SOL XLV,,SELEUKID KINGDOM,144-142BC,ANTIOCHOS VI DIONYSOS,,ANTIOCH ET ORONTEM,AE,"SELEUKID KINGS. Antiochos VI Dionysos, 144-142 BC. Ae Serrate (bronze, 3.99 g, 16 mm), Antioch on the Orontem. Radiate and diademed head right. Rev. BAΣΙΛΕΩΣ ANTIOXOY / EΠIΦANOYΣ ΔIONYΣOY Panther standing left, foreleg raised, holding broken spear in mouth; ΣTA above, star to right. SC 2007c. HGC 9, 1048.",,,,,,
,M0489,,BIDDR - SPQR 10,,GREGA,387-340BC,,THRACE,BYZANTION,DRACMA,THRACE. Byzantion. (Circa 387/6-340 BC). AR. Drachm,,,,,,
,,,,,,,,,,,,,,,,,
,,,,,,,,,,,,,,,,,
,,,,,,,,,,,,,,,,,
,,,,,,,,,,,,,,,,,
,,,,,,,,,,,,,,,,,
,,,,,,,,,,,,,,,,,
,,,,,,,,,,,,,,,,,
,,,,,,,,,,,,,,,,,
,,,,,,,,,,,,,,,,,
,,,,,,,,,,,,,,,,,
,,,,,,,,,,,,,,,,,
,,,BIDDR - SPQR 10,,GREGA,387-340BC,,THRACE,BYZANTION,HEMIDRACMA,THRACE. Byzantion. (Circa 387/6-340 BC). AR. Hemidrachm,,,,,,